start_s,prob_cough
0.0,0.8699659109115601
0.1,0.8719412684440613
0.2,0.8722690343856812
0.3,0.872580349445343
0.4,0.8724280595779419
0.5,0.8724710941314697
0.6,0.8722198009490967
0.7,0.8725037574768066
0.8,0.8726339936256409
0.9,0.8725883364677429
1.0,0.8723361492156982
1.1,0.8722969889640808
1.2,0.8725698590278625
1.3,0.8724971413612366
1.4,0.8726589679718018
1.5,0.8726621270179749
1.6,0.8726294636726379
1.7,0.872621476650238
1.8,0.8731947541236877
1.9,0.8727979063987732
2.0,0.8728402256965637
2.1,0.8727819919586182
2.2,0.872545063495636
2.3,0.8724526762962341
2.4,0.8723110556602478
2.5,0.8721625804901123
2.6,0.8721160888671875
2.7,0.8720242977142334
2.8,0.872273862361908
2.9,0.8723426461219788
3.0,0.8725122213363647
3.1,0.8727518320083618
3.2,0.8724608421325684
3.3,0.8724669814109802
3.4,0.8721951246261597
3.5,0.8722231388092041
3.6,0.8721140623092651
3.7,0.8724967837333679
3.8,0.8721540570259094
3.9,0.8728030920028687
4.0,0.8726297616958618
4.1,0.8726317286491394
4.2,0.8727611303329468
4.3,0.8730099201202393
4.4,0.8731537461280823
4.5,0.8728969693183899
4.6,0.8731944561004639
4.7,0.8726111054420471
4.8,0.8726258277893066
4.9,0.8721352219581604
5.0,0.8724697232246399
5.1,0.8722406625747681
5.2,0.8723793625831604
5.3,0.8722465634346008
5.4,0.8723248243331909
5.5,0.8723868131637573
5.6,0.8724893927574158
5.7,0.872654139995575
5.8,0.8727008104324341
5.9,0.8726706504821777
6.0,0.8723974227905273
6.1,0.872448742389679
6.2,0.8723948001861572
6.3,0.8723678588867188
6.4,0.872299075126648
6.5,0.8725812435150146
6.6,0.8727599382400513
6.7,0.8725306987762451
6.8,0.8725014925003052
6.9,0.8722143769264221
7.0,0.8720903992652893
7.1,0.8723071217536926
7.2,0.8723605871200562
7.3,0.8718885779380798
7.4,0.8721507787704468
7.5,0.8722208142280579
7.6,0.8723089694976807
7.7,0.8726205825805664
7.8,0.8726365566253662
7.9,0.8729167580604553
8.0,0.8728182315826416
8.1,0.8728638887405396
8.2,0.8724464774131775
8.3,0.8725042343139648
8.4,0.8724350929260254
8.5,0.8727436065673828
8.6,0.872856855392456
8.7,0.8726130127906799
8.8,0.8725749850273132
8.9,0.8729525804519653
9.0,0.8725782632827759
9.1,0.8726032972335815
9.2,0.8724808096885681
9.3,0.8726912140846252
9.4,0.8726080656051636
9.5,0.8726572394371033
9.6,0.8729186654090881
9.7,0.8725987076759338
9.8,0.8726088404655457
9.9,0.8727023601531982
10.0,0.8728858232498169
10.1,0.8728433847427368
10.2,0.873150110244751
10.3,0.8731809854507446
10.4,0.8733643889427185
10.5,0.8728206157684326
10.6,0.8727233409881592
10.7,0.8725650906562805
10.8,0.8725438117980957
10.9,0.8723623752593994
11.0,0.8723306655883789
11.1,0.8727018237113953
11.2,0.8728314638137817
11.3,0.8726582527160645
11.4,0.8726736903190613
11.5,0.8727160692214966
11.6,0.8728870749473572
11.7,0.8726301789283752
11.8,0.8725935220718384
11.9,0.8727445602416992
12.0,0.8724848628044128
12.1,0.8723222017288208
12.2,0.8722886443138123
12.3,0.8723374605178833
12.4,0.8722056746482849
12.5,0.872409999370575
12.6,0.8723865151405334
12.7,0.8725408911705017
12.8,0.8722230792045593
12.9,0.8724785447120667
13.0,0.8725517392158508
13.1,0.872919499874115
13.2,0.8727368712425232
13.3,0.8728272318840027
13.4,0.8729102611541748
13.5,0.8727803826332092
13.6,0.872687816619873
13.7,0.8727074265480042
13.8,0.8728091716766357
13.9,0.8726192712783813
14.0,0.872783362865448
14.1,0.8726990222930908
14.2,0.8725249171257019
14.3,0.8720316886901855
14.4,0.8722695112228394
14.5,0.8722735047340393
14.6,0.8724721670150757
14.7,0.8724116683006287
14.8,0.872769832611084
14.9,0.8724671602249146
15.0,0.8722070455551147
15.1,0.8725404143333435
15.2,0.8722464442253113
15.3,0.8725093603134155
15.4,0.8725526928901672
15.5,0.8725863695144653
15.6,0.8725709319114685
15.7,0.8728131651878357
15.8,0.8725047707557678
15.9,0.8727063536643982
16.0,0.8728973269462585
16.1,0.8725912570953369
16.2,0.872460663318634
16.3,0.8725761771202087
16.4,0.872541069984436
16.5,0.872524082660675
16.6,0.8725035786628723
16.7,0.8725659251213074
16.8,0.8723970651626587
16.9,0.8726268410682678
17.0,0.872475266456604
17.1,0.8726009726524353
17.2,0.8725335001945496
17.3,0.8726666569709778
17.4,0.8727021217346191
17.5,0.8727230429649353
17.6,0.8725099563598633
17.7,0.8725165724754333
17.8,0.8726296424865723
17.9,0.8725818395614624
18.0,0.8723018765449524
18.1,0.8722625374794006
18.2,0.8727219104766846
18.3,0.8726388812065125
18.4,0.8725702166557312
18.5,0.8725216388702393
18.6,0.8727316856384277
18.7,0.8726419806480408
18.8,0.8728880882263184
18.9,0.8727113604545593
19.0,0.8726462721824646
19.1,0.8727948665618896
19.2,0.8725576400756836
19.3,0.8728114366531372
19.4,0.8725537657737732
19.5,0.8726634383201599
19.6,0.8723923563957214
19.7,0.8722140789031982
19.8,0.8722109198570251
19.9,0.8723263740539551
20.0,0.8721626996994019
20.1,0.8720865249633789
20.2,0.8719572424888611
20.3,0.8718997836112976
20.4,0.8719643354415894
20.5,0.8720454573631287
20.6,0.8724773526191711
20.7,0.872712254524231
20.8,0.8726709485054016
20.9,0.8729605674743652
21.0,0.8728253245353699
21.1,0.872755229473114
21.2,0.872918426990509
21.3,0.872569739818573
21.4,0.8728291392326355
21.5,0.8727870583534241
21.6,0.8725472092628479
21.7,0.8727615475654602
21.8,0.8724727034568787
21.9,0.8727723956108093
22.0,0.8727731704711914
22.1,0.8725400567054749
22.2,0.8724974989891052
22.3,0.8725247979164124
22.4,0.8725892305374146
22.5,0.8726890087127686
22.6,0.8724074959754944
22.7,0.8724943995475769
22.8,0.8724766373634338
22.9,0.8724309206008911
23.0,0.8722978830337524
23.1,0.8721147775650024
23.2,0.8722411394119263
23.3,0.8722565174102783
23.4,0.872435450553894
23.5,0.8724945187568665
23.6,0.8727083802223206
23.7,0.8723552227020264
23.8,0.8725391626358032
23.9,0.8725467920303345
24.0,0.872493326663971
24.1,0.8723970651626587
24.2,0.8723720908164978
24.3,0.8725732564926147
24.4,0.8725247979164124
24.5,0.8726370930671692
24.6,0.87275230884552
24.7,0.8725457787513733
24.8,0.8724947571754456
24.9,0.8724315166473389
25.0,0.8726872801780701
25.1,0.8723053336143494
25.2,0.8727295398712158
25.3,0.8724637627601624
25.4,0.8725638389587402
25.5,0.8722380995750427
25.6,0.8725093007087708
25.7,0.8725766539573669
25.8,0.8724575638771057
25.9,0.8728524446487427
26.0,0.8727051615715027
26.1,0.872479259967804
26.2,0.8728302121162415
26.3,0.8726748824119568
26.4,0.8725940585136414
26.5,0.8724573850631714
26.6,0.8723951578140259
26.7,0.8721774816513062
26.8,0.8722929954528809
26.9,0.8721615076065063
27.0,0.872090220451355
27.1,0.8721015453338623
27.2,0.8723588585853577
27.3,0.8725905418395996
27.4,0.8727141618728638
27.5,0.8727334141731262
27.6,0.8728577494621277
27.7,0.8728592991828918
27.8,0.8731511235237122
27.9,0.8729168772697449
28.0,0.8729338645935059
28.1,0.8726580739021301
28.2,0.8725430369377136
28.3,0.8729066252708435
28.4,0.8726781010627747
28.5,0.8727084398269653
28.6,0.8726056218147278
28.7,0.8722801208496094
28.8,0.8720051050186157
28.9,0.8720025420188904
29.0,0.8720510601997375
29.1,0.8722251653671265
29.2,0.8723065853118896
29.3,0.8721709251403809
29.4,0.87247633934021
29.5,0.8723431825637817
29.6,0.8727876543998718
29.7,0.8725374937057495
29.8,0.8729995489120483
29.9,0.8729928135871887
30.0,0.8727309703826904
30.1,0.8727015256881714
30.2,0.8727766275405884
30.3,0.8728390336036682
30.4,0.8723430633544922
30.5,0.872279942035675
30.6,0.8722534775733948
30.7,0.8724765181541443
30.8,0.8726837635040283
30.9,0.8728528022766113
31.0,0.8726799488067627
31.1,0.8729052543640137
31.2,0.8726719617843628
31.3,0.8727186918258667
31.4,0.8726814985275269
31.5,0.872626543045044
31.6,0.8722735047340393
31.7,0.872155487537384
31.8,0.8720425367355347
31.9,0.8718400597572327
32.0,0.8717994093894958
32.1,0.871868908405304
32.2,0.8719825148582458
32.3,0.8725461363792419
32.4,0.8726056814193726
32.5,0.8726488947868347
32.6,0.8730001449584961
32.7,0.872855544090271
32.8,0.8731443881988525
32.9,0.8734387755393982
33.0,0.8734443783760071
33.1,0.8732903599739075
33.2,0.8729180693626404
33.3,0.8731727600097656
33.4,0.8731182813644409
33.5,0.8730430603027344
33.6,0.8729869723320007
33.7,0.8728269338607788
33.8,0.8727089762687683
33.9,0.872164785861969
34.0,0.8720278739929199
34.1,0.8721039891242981
34.2,0.8722086548805237
34.3,0.8724710941314697
34.4,0.8725181818008423
34.5,0.8728784322738647
34.6,0.872390866279602
34.7,0.8722884654998779
34.8,0.8724706172943115
34.9,0.8725281953811646
35.0,0.8721867203712463
35.1,0.8725214600563049
35.2,0.8723875284194946
35.3,0.8721466064453125
35.4,0.872316300868988
35.5,0.8721475601196289
35.6,0.872625470161438
35.7,0.8722203373908997
35.8,0.8726948499679565
35.9,0.8725690245628357
36.0,0.8723851442337036
36.1,0.8725084066390991
36.2,0.8724744319915771
36.3,0.87237548828125
36.4,0.8724613785743713
36.5,0.8727840781211853
36.6,0.8723705410957336
36.7,0.872520387172699
36.8,0.8725951313972473
36.9,0.8726107478141785
37.0,0.8725844621658325
37.1,0.8727457523345947
37.2,0.8725700974464417
37.3,0.8726048469543457
37.4,0.8725581169128418
37.5,0.8724972009658813
37.6,0.8725888133049011
37.7,0.8721405267715454
37.8,0.8727875351905823
37.9,0.8728196024894714
38.0,0.8724170327186584
38.1,0.8724334239959717
38.2,0.8726414442062378
38.3,0.8727533221244812
38.4,0.8728852272033691
38.5,0.8727601766586304
38.6,0.8727065324783325
38.7,0.8723726272583008
38.8,0.8724297881126404
38.9,0.8724365234375
39.0,0.8727599382400513
39.1,0.8727734684944153
39.2,0.8727283477783203
39.3,0.8723529577255249
39.4,0.8723238110542297
39.5,0.8721622824668884
39.6,0.8725361824035645
39.7,0.8722174763679504
39.8,0.8723868727684021
39.9,0.8722691535949707
40.0,0.8727335333824158
40.1,0.8725740909576416
40.2,0.872501015663147
40.3,0.8725893497467041
40.4,0.8730905652046204
40.5,0.8730611205101013
40.6,0.872340977191925
40.7,0.8727002739906311
40.8,0.8728240132331848
40.9,0.872709333896637
41.0,0.8725348114967346
41.1,0.872534990310669
41.2,0.8722976446151733
41.3,0.8726393580436707
41.4,0.8726065754890442
41.5,0.8724995851516724
41.6,0.8724483251571655
41.7,0.8725525140762329
41.8,0.872856616973877
41.9,0.8728389143943787
42.0,0.8728832602500916
42.1,0.8727779984474182
42.2,0.8727470636367798
42.3,0.8725747466087341
42.4,0.8723981380462646
42.5,0.8723557591438293
42.6,0.8723953366279602
42.7,0.8723948001861572
42.8,0.8725634813308716
42.9,0.8725433349609375
43.0,0.8727931380271912
43.1,0.8726053237915039
43.2,0.872545599937439
43.3,0.8725512027740479
43.4,0.8723921775817871
43.5,0.8724664449691772
43.6,0.8724992871284485
43.7,0.8726735711097717
43.8,0.8723616600036621
43.9,0.872544527053833
44.0,0.873214840888977
44.1,0.8726373910903931
44.2,0.8728316426277161
44.3,0.8727582693099976
44.4,0.8726127743721008
44.5,0.8725444078445435
44.6,0.8725139498710632
44.7,0.872614860534668
44.8,0.8723161220550537
44.9,0.8720235228538513
45.0,0.8718308210372925
45.1,0.8720676302909851
45.2,0.8720518946647644
45.3,0.8721473217010498
45.4,0.8725863695144653
45.5,0.8724747896194458
45.6,0.8725695610046387
45.7,0.8723418116569519
45.8,0.8725242614746094
45.9,0.8726733922958374
46.0,0.8728147745132446
46.1,0.8726685047149658
46.2,0.8725003004074097
46.3,0.8724252581596375
46.4,0.8723032474517822
46.5,0.8724761009216309
46.6,0.8724424839019775
46.7,0.8727015256881714
46.8,0.872292160987854
46.9,0.8722531199455261
47.0,0.8723196387290955
47.1,0.8728835582733154
47.2,0.8726963996887207
47.3,0.8726994395256042
47.4,0.8727000951766968
47.5,0.8724877238273621
47.6,0.8724509477615356
47.7,0.8726272583007812
47.8,0.8723519444465637
47.9,0.8726112842559814
48.0,0.8726097941398621
48.1,0.8726428747177124
48.2,0.8728187680244446
48.3,0.872465193271637
48.4,0.8725993037223816
48.5,0.8727064728736877
48.6,0.8726575970649719
48.7,0.8726959228515625
48.8,0.8725599646568298
48.9,0.8729010820388794
49.0,0.8726820349693298
49.1,0.8727338910102844
49.2,0.8726025223731995
49.3,0.8727253079414368
49.4,0.8727167248725891
49.5,0.872510552406311
49.6,0.8725537657737732
49.7,0.8721632957458496
49.8,0.8722904324531555
49.9,0.8726556897163391
50.0,0.872721791267395
50.1,0.8726003170013428
50.2,0.8728442788124084
50.3,0.8727969527244568
50.4,0.872656524181366
50.5,0.8725998997688293
50.6,0.8722413778305054
50.7,0.8723699450492859
50.8,0.872334361076355
50.9,0.8725544214248657
51.0,0.8721853494644165
51.1,0.8727582097053528
51.2,0.8726813197135925
51.3,0.8724978566169739
51.4,0.8725303411483765
51.5,0.872700572013855
51.6,0.87248694896698
51.7,0.8724455833435059
51.8,0.8724786043167114
51.9,0.8724202513694763
52.0,0.8725499510765076
52.1,0.8725264668464661
52.2,0.8725947737693787
52.3,0.8728716373443604
52.4,0.8729965090751648
52.5,0.8727670311927795
52.6,0.8727384805679321
52.7,0.8723071217536926
52.8,0.8727380633354187
52.9,0.8728311061859131
53.0,0.872818112373352
53.1,0.8729269504547119
53.2,0.8728774189949036
53.3,0.8728785514831543
53.4,0.8727249503135681
53.5,0.8727782964706421
53.6,0.8726959228515625
53.7,0.8726046681404114
53.8,0.8726112842559814
53.9,0.8726719617843628
54.0,0.8721580505371094
54.1,0.8723855018615723
54.2,0.8723351955413818
54.3,0.8727630376815796
54.4,0.8727096319198608
54.5,0.8726312518119812
54.6,0.8724634051322937
54.7,0.8725633025169373
54.8,0.872610330581665
54.9,0.872247040271759
55.0,0.8725924491882324
55.1,0.8725456595420837
55.2,0.8723379969596863
55.3,0.8724973201751709
55.4,0.8724464774131775
55.5,0.8722176551818848
55.6,0.8725065588951111
55.7,0.872795820236206
55.8,0.8726091980934143
55.9,0.8725385069847107
56.0,0.8724530339241028
56.1,0.8724031448364258
56.2,0.8727000951766968
56.3,0.8724087476730347
56.4,0.8724828958511353
56.5,0.8726851344108582
56.6,0.8727202415466309
56.7,0.872151792049408
56.8,0.8717330694198608
56.9,0.8717955946922302
57.0,0.8720736503601074
57.1,0.8716417551040649
57.2,0.8716223835945129
57.3,0.8713473081588745
57.4,0.8714872002601624
57.5,0.8714264631271362
57.6,0.8722079396247864
57.7,0.8723692893981934
57.8,0.8728771805763245
57.9,0.87303227186203
58.0,0.8728324174880981
58.1,0.872786283493042
58.2,0.8727752566337585
58.3,0.872654139995575
58.4,0.8728093504905701
58.5,0.8724256157875061
58.6,0.8724186420440674
58.7,0.8722084760665894
58.8,0.8724948763847351
58.9,0.8727167248725891
59.0,0.8725829124450684
59.1,0.8724762797355652
59.2,0.8724383115768433
59.3,0.8728066682815552
59.4,0.872238278388977
59.5,0.872516930103302
59.6,0.8722789287567139
59.7,0.872707724571228
59.8,0.8728998899459839
59.9,0.8725983500480652
60.0,0.8724974989891052
60.1,0.872160017490387
60.2,0.8726292848587036
60.3,0.8724967837333679
60.4,0.8727325201034546
60.5,0.8726242780685425
60.6,0.8726218342781067
60.7,0.8726357221603394
60.8,0.8723452687263489
60.9,0.872856855392456
61.0,0.8729786276817322
61.1,0.8729916214942932
61.2,0.8728951811790466
61.3,0.8730007410049438
61.4,0.8726552724838257
61.5,0.8726928234100342
61.6,0.8725224733352661
61.7,0.8725357055664062
61.8,0.8724576830863953
61.9,0.8725884556770325
62.0,0.8724865317344666
62.1,0.8723822832107544
62.2,0.8725772500038147
62.3,0.872930109500885
62.4,0.8725034594535828
62.5,0.872732400894165
62.6,0.8725937008857727
62.7,0.8726788759231567
62.8,0.8727188110351562
62.9,0.8728012442588806
63.0,0.872803807258606
63.1,0.8728771805763245
63.2,0.8730118274688721
63.3,0.8725327849388123
63.4,0.8728101253509521
63.5,0.8727108836174011
63.6,0.8727315068244934
63.7,0.8726117610931396
63.8,0.8725268244743347
63.9,0.8723574876785278
64.0,0.8724998831748962
64.1,0.8725327253341675
64.2,0.8724957704544067
64.3,0.8725034594535828
64.4,0.8723236322402954
64.5,0.872337281703949
64.6,0.8723390698432922
64.7,0.8727921843528748
64.8,0.8727613091468811
64.9,0.8724587559700012
65.0,0.8726851940155029
65.1,0.8723621964454651
65.2,0.8721792697906494
65.3,0.8725183606147766
65.4,0.8725051879882812
65.5,0.8725247979164124
65.6,0.8725384473800659
65.7,0.8726945519447327
65.8,0.8726726770401001
65.9,0.8727960586547852
66.0,0.8727417588233948
66.1,0.872103750705719
66.2,0.8722479343414307
66.3,0.8721057176589966
66.4,0.8724827766418457
66.5,0.8726676106452942
66.6,0.8724029660224915
66.7,0.8725172877311707
66.8,0.8726369738578796
66.9,0.8724682927131653
67.0,0.8727525472640991
67.1,0.8728225827217102
67.2,0.87336665391922
67.3,0.8729159832000732
67.4,0.8730865120887756
67.5,0.8724139928817749
67.6,0.8723400831222534
67.7,0.8725586533546448
67.8,0.8726009726524353
67.9,0.8722418546676636
68.0,0.8724174499511719
68.1,0.8726463317871094
68.2,0.8725468516349792
68.3,0.872789740562439
68.4,0.8724799156188965
68.5,0.8725268244743347
68.6,0.872462809085846
68.7,0.8725278973579407
68.8,0.8722136616706848
68.9,0.8722620010375977
69.0,0.8725605010986328
69.1,0.8727728128433228
69.2,0.872749924659729
69.3,0.872707724571228
69.4,0.872684121131897
69.5,0.8727113604545593
69.6,0.8729104995727539
69.7,0.8730207085609436
69.8,0.8728542923927307
69.9,0.8726598024368286
70.0,0.8724372386932373
70.1,0.8725341558456421
70.2,0.872779905796051
70.3,0.8725188970565796
70.4,0.8720495104789734
70.5,0.8718013167381287
70.6,0.871709406375885
70.7,0.8714773058891296
70.8,0.8715004324913025
70.9,0.8717826008796692
71.0,0.8717804551124573
71.1,0.8717532753944397
71.2,0.8719962239265442
71.3,0.8723182082176208
71.4,0.8725079298019409
71.5,0.8725951313972473
71.6,0.8725206255912781
71.7,0.8724528551101685
71.8,0.8723345398902893
71.9,0.8725518584251404
72.0,0.8722582459449768
72.1,0.8727245926856995
72.2,0.8727242350578308
72.3,0.872175931930542
72.4,0.8724068403244019
72.5,0.8725874423980713
72.6,0.8722620010375977
72.7,0.8724109530448914
72.8,0.8723178505897522
72.9,0.8726176619529724
73.0,0.8726572394371033
73.1,0.8728064894676208
73.2,0.8727639317512512
73.3,0.8727136254310608
73.4,0.872873067855835
73.5,0.8725413084030151
73.6,0.872449517250061
73.7,0.8723435401916504
73.8,0.8726252913475037
73.9,0.8722206354141235
74.0,0.8722143769264221
74.1,0.8728614449501038
74.2,0.872573733329773
74.3,0.8726477026939392
74.4,0.8724552392959595
74.5,0.8727056980133057
74.6,0.872576892375946
74.7,0.872492790222168
74.8,0.8727944493293762
74.9,0.8728109002113342
75.0,0.872769296169281
75.1,0.8729894757270813
75.2,0.8725398182868958
75.3,0.8726764917373657
75.4,0.8725550174713135
75.5,0.8724796175956726
75.6,0.8722398281097412
75.7,0.8725904226303101
75.8,0.8722867369651794
75.9,0.8723112940788269
76.0,0.8725671768188477
76.1,0.8724231123924255
76.2,0.8721011877059937
76.3,0.8721596598625183
76.4,0.8724895119667053
76.5,0.87248295545578
76.6,0.8724457621574402
76.7,0.8724722862243652
76.8,0.8721851706504822
76.9,0.8725087642669678
77.0,0.8724978566169739
77.1,0.8725147247314453
77.2,0.8728057742118835
77.3,0.872847855091095
77.4,0.8724896907806396
77.5,0.8725306987762451
77.6,0.8725907206535339
77.7,0.8726860880851746
77.8,0.8725767135620117
77.9,0.8725491166114807
78.0,0.8726639747619629
78.1,0.8727015256881714
78.2,0.8726897239685059
78.3,0.8725669980049133
78.4,0.8724914789199829
78.5,0.8724196553230286
78.6,0.8723027110099792
78.7,0.8725822567939758
78.8,0.8726603984832764
78.9,0.8723710179328918
79.0,0.8723470568656921
79.1,0.8724600076675415
79.2,0.8727409243583679
79.3,0.8729037046432495
79.4,0.8728083372116089
79.5,0.8730126023292542
79.6,0.8726041316986084
79.7,0.8727877140045166
79.8,0.8725888133049011
79.9,0.8725308179855347
80.0,0.8724561333656311
80.1,0.8723334670066833
80.2,0.8720360994338989
80.3,0.8722978830337524
80.4,0.872136652469635
80.5,0.8722208142280579
80.6,0.8723632097244263
80.7,0.8723244071006775
80.8,0.8724919557571411
80.9,0.8722195625305176
81.0,0.872468113899231
81.1,0.872249186038971
81.2,0.8725120425224304
81.3,0.8720973134040833
81.4,0.872379720211029
81.5,0.8724601864814758
81.6,0.8724533319473267
81.7,0.8723223209381104
81.8,0.8724459409713745
81.9,0.8727576732635498
82.0,0.8723392486572266
82.1,0.8727015256881714
82.2,0.8726902604103088
82.3,0.8729302883148193
82.4,0.8726544976234436
82.5,0.8724603056907654
82.6,0.8724318146705627
82.7,0.872646689414978
82.8,0.8725898265838623
82.9,0.8724966049194336
83.0,0.8727473020553589
83.1,0.8725054860115051
83.2,0.8725186586380005
83.3,0.872488260269165
83.4,0.8723676800727844
83.5,0.8727374076843262
83.6,0.8727335929870605
83.7,0.8729470372200012
83.8,0.8728081583976746
83.9,0.8728668093681335
84.0,0.8726426362991333
84.1,0.8724769949913025
84.2,0.8725386261940002
84.3,0.8723532557487488
84.4,0.872429370880127
84.5,0.8726685047149658
84.6,0.8724137544631958
84.7,0.8730148673057556
84.8,0.872739315032959
84.9,0.8727496862411499
85.0,0.8725718259811401
85.1,0.8724709153175354
85.2,0.872610867023468
85.3,0.8724489212036133
85.4,0.8725994229316711
85.5,0.8725855350494385
85.6,0.8725289106369019
85.7,0.8726426362991333
85.8,0.8724777102470398
85.9,0.8725889921188354
86.0,0.8725464344024658
86.1,0.8726475238800049
86.2,0.8722667694091797
86.3,0.8726357221603394
86.4,0.8729574084281921
86.5,0.8729637265205383
86.6,0.8727362155914307
86.7,0.8726343512535095
86.8,0.8724428415298462
86.9,0.8727663159370422
87.0,0.872551679611206
87.1,0.8726292848587036
87.2,0.872237503528595
87.3,0.8722504377365112
87.4,0.8728792667388916
87.5,0.8730919361114502
87.6,0.8729957938194275
87.7,0.8730058670043945
87.8,0.8729219436645508
87.9,0.8725377917289734
88.0,0.8728135824203491
88.1,0.8727287650108337
88.2,0.8725330829620361
88.3,0.8725088238716125
88.4,0.8722076416015625
88.5,0.8721622824668884
88.6,0.8724586367607117
88.7,0.8722341060638428
88.8,0.8721786141395569
88.9,0.8721985220909119
89.0,0.8723764419555664
89.1,0.8723059892654419
89.2,0.8725089430809021
89.3,0.8722139000892639
89.4,0.8725537657737732
89.5,0.872638463973999
89.6,0.8727757930755615
89.7,0.8728963136672974
89.8,0.872746467590332
89.9,0.8731681704521179
90.0,0.8730825185775757
90.1,0.872649073600769
90.2,0.8725785613059998
90.3,0.8724960684776306
90.4,0.8724518418312073
90.5,0.8725784420967102
90.6,0.8725734353065491
90.7,0.8729022145271301
90.8,0.8729822039604187
90.9,0.8726294040679932
91.0,0.8727205395698547
91.1,0.8724309802055359
91.2,0.8726212978363037
91.3,0.8721861839294434
91.4,0.87239009141922
91.5,0.872259795665741
91.6,0.8724047541618347
91.7,0.8726494312286377
91.8,0.8724299669265747
91.9,0.8723494410514832
92.0,0.8727970719337463
92.1,0.8729150295257568
92.2,0.8727297782897949
92.3,0.8726112842559814
92.4,0.8724936842918396
92.5,0.8727172613143921
92.6,0.872465193271637
92.7,0.872221052646637
92.8,0.8722901940345764
92.9,0.8724938631057739
93.0,0.8721516728401184
93.1,0.8721759915351868
93.2,0.8724260926246643
93.3,0.8724592924118042
93.4,0.8726549744606018
93.5,0.8726259469985962
93.6,0.8725136518478394
93.7,0.8727214932441711
93.8,0.8729796409606934
93.9,0.8727061748504639
94.0,0.8726819157600403
94.1,0.8725681900978088
94.2,0.8726048469543457
94.3,0.8726468682289124
94.4,0.872566819190979
94.5,0.8725568652153015
94.6,0.8723123073577881
94.7,0.8723074197769165
94.8,0.8726601600646973
94.9,0.8729671835899353
95.0,0.872512936592102
95.1,0.8726728558540344
95.2,0.8727663159370422
95.3,0.8726146817207336
95.4,0.8725072741508484
95.5,0.8723593950271606
95.6,0.8723934888839722
95.7,0.8724318742752075
95.8,0.872524619102478
95.9,0.8724580407142639
96.0,0.8725560307502747
96.1,0.8726030588150024
96.2,0.8725483417510986
96.3,0.8726851344108582
96.4,0.8723020553588867
96.5,0.8723506927490234
96.6,0.8726869225502014
96.7,0.8726572394371033
96.8,0.8723779320716858
96.9,0.8722940683364868
97.0,0.872257649898529
97.1,0.8723821043968201
97.2,0.8723993897438049
97.3,0.8724768161773682
97.4,0.8722981810569763
97.5,0.8723238110542297
97.6,0.8724721670150757
97.7,0.8723703026771545
97.8,0.8720989227294922
97.9,0.8717942833900452
98.0,0.8720147013664246
98.1,0.8720728158950806
98.2,0.8722994327545166
98.3,0.8725131750106812
98.4,0.8725317120552063
98.5,0.8725612163543701
98.6,0.8727477788925171
98.7,0.8727153539657593
98.8,0.8726313710212708
98.9,0.8725108504295349
99.0,0.8725790977478027
99.1,0.8723175525665283
99.2,0.8721671104431152
99.3,0.8725114464759827
99.4,0.8725484013557434
99.5,0.872641921043396
99.6,0.8728597164154053
99.7,0.8727483153343201
99.8,0.8726015090942383
99.9,0.8724827766418457
100.0,0.872544527053833
100.1,0.8728993535041809
100.2,0.8728746175765991
100.3,0.8727554678916931
100.4,0.8725272417068481
100.5,0.872384250164032
100.6,0.8724639415740967
100.7,0.8721855282783508
100.8,0.8725844621658325
100.9,0.8726143836975098
101.0,0.8723998665809631
101.1,0.8723818063735962
101.2,0.8728030920028687
101.3,0.8727211356163025
101.4,0.8725683093070984
101.5,0.8723164200782776
101.6,0.8725566864013672
101.7,0.8724176287651062
101.8,0.8722972869873047
101.9,0.8722783327102661
102.0,0.8721763491630554
102.1,0.8723343014717102
102.2,0.8724730014801025
102.3,0.8728142976760864
102.4,0.8727854490280151
102.5,0.8726862668991089
102.6,0.8728406429290771
102.7,0.8726561665534973
102.8,0.873185932636261
102.9,0.8728939890861511
103.0,0.8727054595947266
103.1,0.8729540109634399
103.2,0.873222291469574
103.3,0.8729429244995117
103.4,0.8730217218399048
103.5,0.8728468418121338
103.6,0.8728440403938293
103.7,0.8723218441009521
103.8,0.8719794750213623
103.9,0.8720502257347107
104.0,0.8721116185188293
104.1,0.8723326325416565
104.2,0.8721185326576233
104.3,0.8722276091575623
104.4,0.8723771572113037
104.5,0.8722714185714722
104.6,0.8726298213005066
104.7,0.8728801012039185
104.8,0.8728504776954651
104.9,0.872732400894165
105.0,0.8727399706840515
105.1,0.872664213180542
105.2,0.8727943301200867
105.3,0.8725622892379761
105.4,0.8723817467689514
105.5,0.872362494468689
105.6,0.8722253441810608
105.7,0.8721363544464111
105.8,0.8723527789115906
105.9,0.8720059990882874
106.0,0.8721333742141724
106.1,0.8724605441093445
106.2,0.8724862337112427
106.3,0.8725740909576416
106.4,0.8728261590003967
106.5,0.872826337814331
106.6,0.8728116750717163
106.7,0.8729407787322998
106.8,0.8729427456855774
106.9,0.8725536465644836
107.0,0.8722887635231018
107.1,0.8724693655967712
107.2,0.8724584579467773
107.3,0.8721274137496948
107.4,0.8720829486846924
107.5,0.8723510503768921
107.6,0.8719530701637268
107.7,0.8722051978111267
107.8,0.8724488615989685
107.9,0.8725926876068115
108.0,0.8725799322128296
108.1,0.8723819851875305
108.2,0.8722307682037354
108.3,0.8723612427711487
108.4,0.8725763559341431
108.5,0.872625470161438
108.6,0.8727179169654846
108.7,0.8728523850440979
108.8,0.8729314208030701
108.9,0.8726748824119568
109.0,0.8727814555168152
109.1,0.8724569082260132
109.2,0.8726012110710144
109.3,0.872624933719635
109.4,0.8727070093154907
109.5,0.8725237250328064
109.6,0.872202455997467
109.7,0.8721221685409546
109.8,0.8722401261329651
109.9,0.8721340894699097
110.0,0.8722394108772278
110.1,0.8724791407585144
110.2,0.872515857219696
110.3,0.8725518584251404
110.4,0.8724931478500366
110.5,0.8725820779800415
110.6,0.8725414276123047
110.7,0.8725942373275757
110.8,0.872821033000946
110.9,0.872723400592804
111.0,0.872614324092865
111.1,0.8727401494979858
111.2,0.8726471066474915
111.3,0.8726342916488647
111.4,0.8724069595336914
111.5,0.8725414872169495
111.6,0.8723258972167969
111.7,0.8722043633460999
111.8,0.8725085854530334
111.9,0.8723273873329163
112.0,0.8725715279579163
112.1,0.8727904558181763
112.2,0.8726893067359924
112.3,0.8724844455718994
112.4,0.8726992011070251
112.5,0.8729077577590942
112.6,0.8728244304656982
112.7,0.8726527690887451
112.8,0.8729183077812195
112.9,0.873047947883606
113.0,0.8729822039604187
113.1,0.8728989958763123
113.2,0.8728617429733276
113.3,0.8727096319198608
113.4,0.8726683259010315
113.5,0.8727431297302246
113.6,0.8726006746292114
113.7,0.8724261522293091
113.8,0.8723369240760803
113.9,0.8725258111953735
114.0,0.8724730610847473
114.1,0.8723633289337158
114.2,0.8725492358207703
114.3,0.8726390600204468
114.4,0.8727040886878967
114.5,0.8726581335067749
114.6,0.8726449012756348
114.7,0.872488796710968
114.8,0.8726438283920288
114.9,0.872358500957489
115.0,0.8725587725639343
115.1,0.8723829984664917
115.2,0.8725281953811646
115.3,0.8724727034568787
115.4,0.8724176287651062
115.5,0.8721950650215149
115.6,0.8726768493652344
115.7,0.8726040720939636
115.8,0.8727682828903198
115.9,0.8727806210517883
116.0,0.8727037906646729
116.1,0.8728532791137695
116.2,0.8724867701530457
116.3,0.8723087906837463
116.4,0.8725425004959106
116.5,0.8725150227546692
116.6,0.8724814653396606
116.7,0.8721711039543152
116.8,0.8725044131278992
116.9,0.8723029494285583
117.0,0.8724295496940613
117.1,0.8723790049552917
117.2,0.8724528551101685
117.3,0.8723903298377991
117.4,0.8724316358566284
117.5,0.8725075721740723
117.6,0.8724994659423828
117.7,0.8723710775375366
117.8,0.8725361824035645
117.9,0.8724556565284729
118.0,0.8730122447013855
118.1,0.8726869225502014
118.2,0.8726924657821655
118.3,0.8723040819168091
118.4,0.872281014919281
118.5,0.8724533915519714
118.6,0.8726284503936768
118.7,0.8726311922073364
118.8,0.8723670244216919
118.9,0.872524619102478
119.0,0.8725348711013794
119.1,0.8726205825805664
119.2,0.8727492094039917
119.3,0.8728057742118835
119.4,0.8728007674217224
119.5,0.8727202415466309
119.6,0.8728358745574951
119.7,0.8727607727050781
119.8,0.8725993037223816
119.9,0.8725367188453674
120.0,0.8726534247398376
120.1,0.8727158308029175
120.2,0.872888445854187
120.3,0.8726471066474915
120.4,0.8722796440124512
120.5,0.8725440502166748
120.6,0.872298002243042
120.7,0.8721492290496826
120.8,0.8724373579025269
120.9,0.8724516034126282
121.0,0.8723599314689636
121.1,0.8724616765975952
121.2,0.8726000785827637
121.3,0.8724834322929382
121.4,0.8725453019142151
121.5,0.8726768493652344
121.6,0.8726832866668701
121.7,0.8728336691856384
121.8,0.8725393414497375
121.9,0.872718095779419
122.0,0.872381329536438
122.1,0.8728076815605164
122.2,0.8729382157325745
122.3,0.8728801012039185
122.4,0.8728367686271667
122.5,0.8730498552322388
122.6,0.8728511929512024
122.7,0.8729924559593201
122.8,0.872710645198822
122.9,0.8726860880851746
123.0,0.872597336769104
123.1,0.872590959072113
123.2,0.8722314834594727
123.3,0.8724342584609985
123.4,0.8723238110542297
123.5,0.8724762797355652
123.6,0.8724332451820374
123.7,0.8725504875183105
123.8,0.8726710677146912
123.9,0.8725560307502747
124.0,0.8728799223899841
124.1,0.8725867867469788
124.2,0.872816801071167
124.3,0.8724688291549683
124.4,0.8725152611732483
124.5,0.872317373752594
124.6,0.8726436495780945
124.7,0.872652530670166
124.8,0.8727537393569946
124.9,0.8728352189064026
125.0,0.872722327709198
125.1,0.8726124167442322
125.2,0.8724786043167114
125.3,0.8725669980049133
125.4,0.8725730776786804
125.5,0.872749388217926
125.6,0.872489333152771
125.7,0.8727373480796814
125.8,0.8730260729789734
125.9,0.8728241324424744
126.0,0.8725242018699646
126.1,0.8724226355552673
126.2,0.8728940486907959
126.3,0.8726303577423096
126.4,0.8729089498519897
126.5,0.8728623390197754
126.6,0.8725252747535706
126.7,0.8725983500480652
126.8,0.872439980506897
126.9,0.8728641867637634
127.0,0.8728024363517761
127.1,0.8729209303855896
127.2,0.8727287650108337
127.3,0.8724610805511475
127.4,0.8724931478500366
127.5,0.8726730346679688
127.6,0.8727538585662842
127.7,0.8723216652870178
127.8,0.8723112940788269
127.9,0.8723835349082947
128.0,0.8724401593208313
128.1,0.8725365400314331
128.2,0.8726213574409485
128.3,0.8727266192436218
128.4,0.8728811740875244
128.5,0.8728370070457458
128.6,0.8727953433990479
128.7,0.8731306791305542
128.8,0.8728653788566589
128.9,0.8728745579719543
129.0,0.8729571104049683
129.1,0.873009443283081
129.2,0.8727853298187256
129.3,0.8728972673416138
129.4,0.8727611899375916
129.5,0.8730216026306152
129.6,0.8728064298629761
129.7,0.8724973201751709
129.8,0.8728784322738647
129.9,0.8725655674934387
130.0,0.8725402355194092
130.1,0.8723326325416565
130.2,0.8724310994148254
130.3,0.8722862601280212
130.4,0.8724210262298584
130.5,0.8723639249801636
130.6,0.872305154800415
130.7,0.8725137710571289
130.8,0.8725233674049377
130.9,0.8727904558181763
131.0,0.872714102268219
131.1,0.8725002408027649
131.2,0.8725402355194092
131.3,0.8724986910820007
131.4,0.8725582361221313
131.5,0.8722201585769653
131.6,0.8724750876426697
131.7,0.8724151849746704
131.8,0.8723845481872559
131.9,0.8725221157073975
132.0,0.87274569272995
132.1,0.8723107576370239
132.2,0.8724188208580017
132.3,0.8725747466087341
132.4,0.8730297684669495
132.5,0.8728905916213989
132.6,0.8728190660476685
132.7,0.8730043768882751
132.8,0.8728435039520264
132.9,0.8728600144386292
133.0,0.8727915287017822
133.1,0.8727930784225464
133.2,0.8727554082870483
133.3,0.8727791905403137
133.4,0.872732400894165
133.5,0.8723317980766296
133.6,0.8724784255027771
133.7,0.8724521994590759
133.8,0.8723925352096558
133.9,0.8725591897964478
134.0,0.8727217316627502
134.1,0.8724097609519958
134.2,0.8722349405288696
134.3,0.8724117279052734
134.4,0.8725405335426331
134.5,0.8726398348808289
134.6,0.872683584690094
134.7,0.8723428845405579
134.8,0.8725597262382507
134.9,0.8726818561553955
135.0,0.8726608753204346
135.1,0.8726425170898438
135.2,0.8725965023040771
135.3,0.8728312849998474
135.4,0.8725377917289734
135.5,0.8727298974990845
135.6,0.8726791143417358
135.7,0.8725880980491638
135.8,0.8722193241119385
135.9,0.8722949028015137
136.0,0.8725040555000305
136.1,0.8723281025886536
136.2,0.8723468780517578
136.3,0.8725268244743347
136.4,0.8723388910293579
136.5,0.872511088848114
136.6,0.8728657960891724
136.7,0.8726834654808044
136.8,0.8730276823043823
136.9,0.8727013468742371
137.0,0.872913122177124
137.1,0.8728845119476318
137.2,0.8727474808692932
137.3,0.873149573802948
137.4,0.8725829720497131
137.5,0.8730210661888123
137.6,0.8726650476455688
137.7,0.8727852702140808
137.8,0.8725867867469788
137.9,0.8726230263710022
138.0,0.8723508715629578
138.1,0.8723710775375366
138.2,0.8723340034484863
138.3,0.8722416758537292
138.4,0.8719040155410767
138.5,0.8723574280738831
138.6,0.8722387552261353
138.7,0.8724749684333801
138.8,0.8725205659866333
138.9,0.8730427026748657
139.0,0.8729351162910461
139.1,0.8728423714637756
139.2,0.8725757598876953
139.3,0.8726150393486023
139.4,0.8727580904960632
139.5,0.873060405254364
139.6,0.8725281953811646
139.7,0.8724852204322815
139.8,0.8724523186683655
139.9,0.8725056648254395
140.0,0.8729808926582336
140.1,0.8727657198905945
140.2,0.8725108504295349
140.3,0.8728303909301758
140.4,0.8728695511817932
140.5,0.8723204135894775
140.6,0.8726256489753723
140.7,0.8724740743637085
140.8,0.8726645708084106
140.9,0.872635543346405
141.0,0.8727338910102844
141.1,0.8727399706840515
141.2,0.8725555539131165
141.3,0.8728709816932678
141.4,0.8725296258926392
141.5,0.8724884986877441
141.6,0.8724423050880432
141.7,0.8726320862770081
141.8,0.8723272681236267
141.9,0.8721418380737305
142.0,0.8721272349357605
142.1,0.8725208044052124
142.2,0.8722777366638184
142.3,0.8724464774131775
142.4,0.872393786907196
142.5,0.8726773858070374
142.6,0.8727150559425354
142.7,0.8728388547897339
142.8,0.8730037808418274
142.9,0.8725919723510742
143.0,0.8728373646736145
143.1,0.8729604482650757
143.2,0.8728538155555725
143.3,0.8727031946182251
143.4,0.8726514577865601
143.5,0.8727537393569946
143.6,0.8725508451461792
143.7,0.8722807765007019
143.8,0.8726822137832642
143.9,0.8725559711456299
144.0,0.872915506362915
144.1,0.8729541897773743
144.2,0.8726744055747986
144.3,0.8726992607116699
144.4,0.8726021647453308
144.5,0.872520387172699
144.6,0.8723210096359253
144.7,0.8722691535949707
144.8,0.8724160194396973
144.9,0.8722051382064819
145.0,0.8721592426300049
145.1,0.8723756670951843
145.2,0.8723021745681763
145.3,0.8726114630699158
145.4,0.8723397850990295
145.5,0.8725243806838989
145.6,0.8725402355194092
145.7,0.8728978633880615
145.8,0.8727390170097351
145.9,0.8729926347732544
146.0,0.8729886412620544
146.1,0.8732531070709229
146.2,0.8730283379554749
146.3,0.8728511929512024
146.4,0.872409999370575
146.5,0.8724707365036011
146.6,0.8724472522735596
146.7,0.8723374605178833
146.8,0.8722692131996155
146.9,0.872273862361908
147.0,0.8724324107170105
147.1,0.8725732564926147
147.2,0.8717998266220093
147.3,0.8723378777503967
147.4,0.8722608685493469
147.5,0.8726622462272644
147.6,0.8726198673248291
147.7,0.8728377819061279
147.8,0.8725405931472778
147.9,0.8726117014884949
148.0,0.8724240064620972
148.1,0.8723610043525696
148.2,0.8720750212669373
148.3,0.8720559477806091
148.4,0.8724706172943115
148.5,0.8723838329315186
148.6,0.872514009475708
148.7,0.8725759983062744
148.8,0.8725739121437073
148.9,0.8724858164787292
149.0,0.872611403465271
149.1,0.8724756240844727
149.2,0.8727993369102478
149.3,0.8728511333465576
149.4,0.872533917427063
149.5,0.8724703788757324
149.6,0.872742235660553
149.7,0.8724120259284973
149.8,0.8726190328598022
149.9,0.8726341128349304
150.0,0.8730317950248718
150.1,0.872874915599823
150.2,0.8730291724205017
150.3,0.8730962872505188
150.4,0.8731425404548645
150.5,0.8730721473693848
150.6,0.8731196522712708
150.7,0.8729240298271179
150.8,0.8729285001754761
150.9,0.8724403381347656
151.0,0.8724639415740967
151.1,0.8726840019226074
151.2,0.8725148439407349
151.3,0.872871994972229
151.4,0.8725436925888062
151.5,0.8725379705429077
151.6,0.8726520538330078
151.7,0.8725606799125671
151.8,0.8727408647537231
151.9,0.8725795149803162
152.0,0.8723672032356262
152.1,0.8725525140762329
152.2,0.8729108572006226
152.3,0.8729480504989624
152.4,0.8730078935623169
152.5,0.8728898763656616
152.6,0.8729196190834045
152.7,0.8730047345161438
152.8,0.872833788394928
152.9,0.8727689385414124
153.0,0.872874915599823
153.1,0.8727757930755615
153.2,0.8723545074462891
153.3,0.8725274205207825
153.4,0.8725389838218689
153.5,0.8724998831748962
153.6,0.8726270198822021
153.7,0.8728989958763123
153.8,0.8727589249610901
153.9,0.8727871775627136
154.0,0.8726840019226074
154.1,0.8729459047317505
154.2,0.8726213574409485
154.3,0.8725647330284119
154.4,0.8723348379135132
154.5,0.8724436163902283
154.6,0.8723915815353394
154.7,0.8722952604293823
154.8,0.8722193241119385
154.9,0.8727344870567322
155.0,0.8725980520248413
155.1,0.8726750612258911
155.2,0.872611403465271
155.3,0.8726081252098083
155.4,0.872544527053833
155.5,0.8729885220527649
155.6,0.8722473978996277
155.7,0.8720949292182922
155.8,0.8723257184028625
155.9,0.8723382353782654
156.0,0.872649073600769
156.1,0.8727102875709534
156.2,0.8726301193237305
156.3,0.8725681304931641
156.4,0.8728231191635132
156.5,0.872859537601471
156.6,0.8730382323265076
156.7,0.872682511806488
156.8,0.8725711107254028
156.9,0.8724126815795898
157.0,0.8722547292709351
157.1,0.8721944093704224
157.2,0.8720400929450989
157.3,0.872183084487915
157.4,0.8720604181289673
157.5,0.8718295693397522
157.6,0.8719143867492676
157.7,0.8718485832214355
157.8,0.8717733025550842
157.9,0.8722396492958069
158.0,0.872653067111969
158.1,0.8724558353424072
158.2,0.8722497224807739
158.3,0.8721433877944946
158.4,0.8719241619110107
158.5,0.8723412752151489
158.6,0.8724870681762695
158.7,0.8728635311126709
158.8,0.8724363446235657
158.9,0.8726147413253784
159.0,0.8725436925888062
159.1,0.8725801706314087
159.2,0.8723411560058594
159.3,0.8724082112312317
159.4,0.872858464717865
159.5,0.8728326559066772
159.6,0.8725578784942627
159.7,0.8725787401199341
159.8,0.8725999593734741
159.9,0.8728498220443726
160.0,0.8729406595230103
160.1,0.8726516962051392
160.2,0.87259441614151
160.3,0.8726966381072998
160.4,0.872492253780365
160.5,0.8724603652954102
160.6,0.8725898861885071
160.7,0.8722872734069824
160.8,0.8724002242088318
160.9,0.8723244071006775
161.0,0.872663140296936
161.1,0.8727701902389526
161.2,0.8723800778388977
161.3,0.8721514940261841
161.4,0.8721056580543518
161.5,0.8720159530639648
161.6,0.8724356293678284
161.7,0.8725594878196716
161.8,0.8724509477615356
161.9,0.872590959072113
162.0,0.8729029893875122
162.1,0.8730074167251587
162.2,0.8728371858596802
162.3,0.8730089068412781
162.4,0.8726009726524353
162.5,0.8723334670066833
162.6,0.8728549480438232
162.7,0.8725141882896423
162.8,0.8725272417068481
162.9,0.872821569442749
163.0,0.8727239966392517
163.1,0.8725099563598633
163.2,0.8725443482398987
163.3,0.8724867105484009
163.4,0.872255802154541
163.5,0.8721082806587219
163.6,0.8721476197242737
163.7,0.872419536113739
163.8,0.8722785711288452
163.9,0.8723501563072205
164.0,0.8722159266471863
164.1,0.8725447058677673
164.2,0.8724539279937744
164.3,0.8721627593040466
164.4,0.8721333742141724
164.5,0.8722224235534668
164.6,0.8721074461936951
164.7,0.87275230884552
164.8,0.8728824257850647
164.9,0.8728821873664856
165.0,0.8732105493545532
165.1,0.8726581335067749
165.2,0.8726649880409241
165.3,0.8727826476097107
165.4,0.8724150061607361
165.5,0.8722006678581238
165.6,0.8725207448005676
165.7,0.8727836012840271
165.8,0.8727235198020935
165.9,0.8727030754089355
166.0,0.8728113174438477
166.1,0.8725998997688293
166.2,0.8732877373695374
166.3,0.8730593323707581
166.4,0.8730806708335876
166.5,0.8731182813644409
166.6,0.8729321360588074
166.7,0.8728449940681458
166.8,0.8725054860115051
166.9,0.8724910616874695
167.0,0.872262716293335
167.1,0.8721810579299927
167.2,0.872256338596344
167.3,0.8724120259284973
167.4,0.8723322749137878
167.5,0.872682511806488
167.6,0.8727236986160278
167.7,0.8723025321960449
167.8,0.872454047203064
167.9,0.8724268078804016
168.0,0.8724629878997803
168.1,0.8724130392074585
168.2,0.8725488781929016
168.3,0.8726324439048767
168.4,0.8726617097854614
168.5,0.8726956248283386
168.6,0.8728102445602417
168.7,0.8722410202026367
168.8,0.872434675693512
168.9,0.8725584149360657
169.0,0.8725312352180481
169.1,0.8725453019142151
169.2,0.8727604746818542
169.3,0.8728495836257935
169.4,0.8726539611816406
169.5,0.8727145195007324
169.6,0.8724871277809143
169.7,0.8727807402610779
169.8,0.8725367188453674
169.9,0.872581422328949
170.0,0.8727073669433594
170.1,0.872951865196228
170.2,0.8730002641677856
170.3,0.8728004097938538
170.4,0.8726609945297241
170.5,0.8730052709579468
170.6,0.8725308179855347
170.7,0.8728291392326355
170.8,0.8725914359092712
170.9,0.8725443482398987
171.0,0.8724254369735718
171.1,0.8725332617759705
171.2,0.8724889755249023
171.3,0.8722407817840576
171.4,0.8718957304954529
171.5,0.8716192841529846
171.6,0.8714221715927124
171.7,0.871957540512085
171.8,0.8721700310707092
171.9,0.872735321521759
172.0,0.8729697465896606
172.1,0.8729950189590454
172.2,0.8725839257240295
172.3,0.8728169798851013
172.4,0.8726593255996704
172.5,0.8723771572113037
172.6,0.8720440864562988
172.7,0.8719933032989502
172.8,0.8721884489059448
172.9,0.8716421127319336
173.0,0.8717837929725647
173.1,0.8723854422569275
173.2,0.87239670753479
173.3,0.8725723028182983
173.4,0.8727549314498901
173.5,0.8730342388153076
173.6,0.8729674816131592
173.7,0.8727543950080872
173.8,0.8728311061859131
173.9,0.872681200504303
174.0,0.8724901676177979
174.1,0.8725801110267639
174.2,0.8725606799125671
174.3,0.8728926181793213
174.4,0.8727512955665588
174.5,0.8725890517234802
174.6,0.8724509477615356
174.7,0.8725525736808777
174.8,0.8727689981460571
174.9,0.8728690147399902
175.0,0.8723256587982178
175.1,0.8723915815353394
175.2,0.8722906112670898
175.3,0.8732337355613708
175.4,0.8728615641593933
175.5,0.8727167844772339
175.6,0.8720724582672119
175.7,0.8723034262657166
175.8,0.8724071979522705
175.9,0.8723750114440918
176.0,0.872117817401886
176.1,0.872366189956665
176.2,0.8721795678138733
176.3,0.8727102875709534
176.4,0.8730722069740295
176.5,0.8729984164237976
176.6,0.8732302784919739
176.7,0.8731227517127991
176.8,0.872968852519989
176.9,0.8729172945022583
177.0,0.8729462027549744
177.1,0.8726685643196106
177.2,0.8727504014968872
177.3,0.8725688457489014
177.4,0.8725034594535828
177.5,0.8725388050079346
177.6,0.8726388812065125
177.7,0.8723774552345276
177.8,0.8718299865722656
177.9,0.8717854619026184
178.0,0.872092604637146
178.1,0.8723435401916504
178.2,0.8726612329483032
178.3,0.8726044297218323
178.4,0.8724514245986938
178.5,0.8721544146537781
178.6,0.8723676800727844
178.7,0.8726023435592651
178.8,0.872446596622467
178.9,0.8724398016929626
179.0,0.8725231885910034
179.1,0.8722050189971924
179.2,0.8720686435699463
179.3,0.8727079033851624
179.4,0.8727622032165527
179.5,0.8726633191108704
179.6,0.8722394704818726
179.7,0.8722339272499084
179.8,0.872518002986908
179.9,0.8725431561470032
180.0,0.8723604679107666
180.1,0.8722827434539795
180.2,0.8725005984306335
180.3,0.8722987771034241
180.4,0.8721275925636292
180.5,0.872319757938385
180.6,0.8725353479385376
180.7,0.8725833296775818
180.8,0.8724738955497742
180.9,0.8725953102111816
181.0,0.872795820236206
181.1,0.8730981349945068
181.2,0.873222827911377
181.3,0.873006284236908
181.4,0.87308269739151
181.5,0.8728536367416382
181.6,0.8727983236312866
181.7,0.8725706338882446
181.8,0.8726242184638977
181.9,0.8723827004432678
182.0,0.8728829026222229
182.1,0.8726176619529724
182.2,0.8726171255111694
182.3,0.8722795844078064
182.4,0.8723881840705872
182.5,0.8721985816955566
182.6,0.8721643090248108
182.7,0.8721901774406433
182.8,0.8721669316291809
182.9,0.8722977042198181
183.0,0.8724994659423828
183.1,0.8726396560668945
183.2,0.8726247549057007
183.3,0.8724914789199829
183.4,0.8724890351295471
183.5,0.8724905848503113
183.6,0.8722250461578369
183.7,0.8727304339408875
183.8,0.8725787401199341
183.9,0.8727352619171143
184.0,0.8729023337364197
184.1,0.8728153109550476
184.2,0.8731015920639038
184.3,0.8729075789451599
184.4,0.8729411959648132
184.5,0.8727449774742126
184.6,0.8727605938911438
184.7,0.872809886932373
184.8,0.8723379969596863
184.9,0.8724571466445923
185.0,0.8722583651542664
185.1,0.8723655939102173
185.2,0.872489333152771
185.3,0.8725004196166992
185.4,0.8722618222236633
185.5,0.8721683621406555
185.6,0.8726544976234436
185.7,0.8727788329124451
185.8,0.8729979991912842
185.9,0.8730289936065674
186.0,0.8729163408279419
186.1,0.8725515604019165
186.2,0.8724374175071716
186.3,0.8723411560058594
186.4,0.8721147179603577
186.5,0.8719514608383179
186.6,0.8721562623977661
186.7,0.8721778392791748
186.8,0.8721526861190796
186.9,0.8720294833183289
187.0,0.8721520900726318
187.1,0.8722757697105408
187.2,0.8721582293510437
187.3,0.8724431395530701
187.4,0.8725049495697021
187.5,0.8724666237831116
187.6,0.8726032972335815
187.7,0.8726813793182373
187.8,0.8729583621025085
187.9,0.873078465461731
188.0,0.873017430305481
188.1,0.8730394840240479
188.2,0.8731963038444519
188.3,0.8732711672782898
188.4,0.8729423880577087
188.5,0.8728397488594055
188.6,0.8724396824836731
188.7,0.8724066019058228
188.8,0.8723986148834229
188.9,0.872529149055481
189.0,0.8723249435424805
189.1,0.8722651600837708
189.2,0.8724233508110046
189.3,0.8723828196525574
189.4,0.8723611235618591
189.5,0.8718771934509277
189.6,0.8720383644104004
189.7,0.8722074031829834
189.8,0.8724523186683655
189.9,0.8727216124534607
190.0,0.8724421262741089
190.1,0.8728326559066772
190.2,0.8726872205734253
190.3,0.8727728128433228
190.4,0.8724260926246643
190.5,0.8724700212478638
190.6,0.8729104995727539
190.7,0.8727260828018188
190.8,0.8726696968078613
190.9,0.8726937174797058
191.0,0.872621476650238
191.1,0.8724762797355652
191.2,0.8726431727409363
191.3,0.8724291920661926
191.4,0.8724240660667419
191.5,0.8722060322761536
191.6,0.872266948223114
191.7,0.8722940683364868
191.8,0.872534990310669
191.9,0.8722419142723083
192.0,0.8723621368408203
192.1,0.8727708458900452
192.2,0.8726077675819397
192.3,0.872511088848114
192.4,0.8726654052734375
192.5,0.8726305365562439
192.6,0.8720441460609436
192.7,0.8726096153259277
192.8,0.8727704882621765
192.9,0.872682511806488
193.0,0.872857391834259
193.1,0.8728237748146057
193.2,0.8726969957351685
193.3,0.8727535009384155
193.4,0.8726760149002075
193.5,0.8729665279388428
193.6,0.8730348944664001
193.7,0.8728092312812805
193.8,0.8729575872421265
193.9,0.8724877834320068
194.0,0.872624397277832
194.1,0.8724073767662048
194.2,0.8727752566337585
194.3,0.8727173209190369
194.4,0.8729123473167419
194.5,0.8727584481239319
194.6,0.8725336194038391
194.7,0.8724332451820374
194.8,0.8721912503242493
194.9,0.872402012348175
195.0,0.8724765181541443
195.1,0.8724912405014038
195.2,0.8725355267524719
195.3,0.8727082014083862
195.4,0.8723117113113403
195.5,0.8725031018257141
195.6,0.872649610042572
195.7,0.8724681735038757
195.8,0.872376561164856
195.9,0.8725093007087708
196.0,0.872331976890564
196.1,0.8721516728401184
196.2,0.8720811605453491
196.3,0.8718557357788086
196.4,0.8722155690193176
196.5,0.8721960186958313
196.6,0.8723011612892151
196.7,0.8723369836807251
196.8,0.87254399061203
196.9,0.8722472786903381
197.0,0.8719229102134705
197.1,0.872016429901123
197.2,0.8717905282974243
197.3,0.8720476031303406
197.4,0.8721062541007996
197.5,0.8720597624778748
197.6,0.8724964261054993
197.7,0.872576117515564
197.8,0.8728021383285522
197.9,0.8723475933074951
198.0,0.8721737265586853
198.1,0.8724178075790405
198.2,0.8728448152542114
198.3,0.8727177381515503
198.4,0.872520387172699
198.5,0.8725473284721375
198.6,0.8730730414390564
198.7,0.8729658126831055
198.8,0.8725470304489136
198.9,0.8725095391273499
199.0,0.8720546960830688
199.1,0.8720875382423401
199.2,0.8721344470977783
199.3,0.8722026944160461
199.4,0.8730348944664001
199.5,0.8723414540290833
199.6,0.8723751902580261
199.7,0.8723599314689636
199.8,0.8721120953559875
199.9,0.8723002672195435
200.0,0.8725042343139648
200.1,0.8724327087402344
200.2,0.8723117113113403
200.3,0.8725610375404358
200.4,0.8726499676704407
200.5,0.8722569942474365
200.6,0.8722352385520935
200.7,0.8723903298377991
200.8,0.872171938419342
200.9,0.8724246621131897
201.0,0.8725054860115051
201.1,0.872412919998169
201.2,0.873137354850769
201.3,0.8730834126472473
201.4,0.8726766705513
201.5,0.8725882768630981
201.6,0.8727967143058777
201.7,0.8725768327713013
201.8,0.8728041648864746
201.9,0.8729963302612305
202.0,0.8727935552597046
202.1,0.8728001713752747
202.2,0.8726613521575928
202.3,0.8730345368385315
202.4,0.8729072213172913
202.5,0.8726919889450073
202.6,0.872738778591156
202.7,0.8726034760475159
202.8,0.8727453947067261
202.9,0.8725214600563049
203.0,0.8728723526000977
203.1,0.8728461265563965
203.2,0.8728154897689819
203.3,0.8726086616516113
203.4,0.872638463973999
203.5,0.8727504014968872
203.6,0.8729584813117981
203.7,0.8728888034820557
203.8,0.872885525226593
203.9,0.8727619051933289
204.0,0.8725240230560303
204.1,0.8728116154670715
204.2,0.8722797632217407
204.3,0.8721535205841064
204.4,0.872653067111969
204.5,0.8727235198020935
204.6,0.8726398944854736
204.7,0.8724715709686279
204.8,0.8725529313087463
204.9,0.8724055886268616
205.0,0.8727295398712158
205.1,0.872724175453186
205.2,0.8725219368934631
205.3,0.8725245594978333
205.4,0.8723896145820618
205.5,0.8725087642669678
205.6,0.8724565505981445
205.7,0.8728017807006836
205.8,0.8722913861274719
205.9,0.8722413182258606
206.0,0.8721457123756409
206.1,0.8720987439155579
206.2,0.8717780709266663
206.3,0.8721964955329895
206.4,0.8722272515296936
206.5,0.8727722764015198
206.6,0.8722717761993408
206.7,0.8720433712005615
206.8,0.8721596598625183
206.9,0.8720212578773499
207.0,0.8721544146537781
207.1,0.8719928860664368
207.2,0.8719830513000488
207.3,0.8719587922096252
207.4,0.8722684383392334
207.5,0.8729791045188904
207.6,0.872891902923584
207.7,0.8728069067001343
207.8,0.8726575970649719
207.9,0.872646152973175
208.0,0.8724316358566284
208.1,0.8716903924942017
208.2,0.872307538986206
208.3,0.8723011016845703
208.4,0.8723965883255005
208.5,0.8724262714385986
208.6,0.8721604943275452
208.7,0.8722977042198181
208.8,0.8728399276733398
208.9,0.8727478384971619
209.0,0.8726270794868469
209.1,0.8724448680877686
209.2,0.8723616003990173
209.3,0.8717994093894958
209.4,0.8718856573104858
209.5,0.8721088171005249
209.6,0.8721380829811096
209.7,0.8723379969596863
209.8,0.8722516298294067
209.9,0.8728244304656982
210.0,0.8730452060699463
210.1,0.8726916313171387
210.2,0.8727368712425232
210.3,0.8729503154754639
210.4,0.8729040622711182
210.5,0.8725491166114807
210.6,0.8725785613059998
210.7,0.8723329305648804
210.8,0.872309148311615
210.9,0.872092604637146
211.0,0.8724092245101929
211.1,0.872373640537262
211.2,0.8725038766860962
211.3,0.8725852370262146
211.4,0.8725707530975342
211.5,0.8724440336227417
211.6,0.8727225065231323
211.7,0.8729978203773499
211.8,0.8732242584228516
211.9,0.8733059763908386
212.0,0.8731494545936584
212.1,0.8728749752044678
212.2,0.872390627861023
212.3,0.8724959492683411
212.4,0.8723023533821106
212.5,0.8726284503936768
212.6,0.8723011612892151
212.7,0.8722855448722839
212.8,0.8725763559341431
212.9,0.8723263740539551
213.0,0.8724485039710999
213.1,0.8727483749389648
213.2,0.8726629018783569
213.3,0.8723835945129395
213.4,0.8722257018089294
213.5,0.8724271655082703
213.6,0.8721615076065063
213.7,0.8724598288536072
213.8,0.872513473033905
213.9,0.8726973533630371
214.0,0.8727139830589294
214.1,0.8724830746650696
214.2,0.8724146485328674
214.3,0.8726268410682678
214.4,0.8724493384361267
214.5,0.8725612759590149
214.6,0.8725613951683044
214.7,0.8723399639129639
214.8,0.8726086616516113
214.9,0.8724973201751709
215.0,0.872433066368103
215.1,0.8723580241203308
215.2,0.8724381327629089
215.3,0.8725318908691406
215.4,0.8723345398902893
215.5,0.8722585439682007
215.6,0.8721975088119507
215.7,0.8723757266998291
215.8,0.8725042343139648
215.9,0.8726030588150024
216.0,0.8726894855499268
216.1,0.8728177547454834
216.2,0.8727217316627502
216.3,0.8726342916488647
216.4,0.87250155210495
216.5,0.8723524808883667
216.6,0.8727576732635498
216.7,0.8727837204933167
216.8,0.8725531101226807
216.9,0.8724565505981445
217.0,0.8723732829093933
217.1,0.8725273609161377
217.2,0.8724591135978699
217.3,0.8722984194755554
217.4,0.872563362121582
217.5,0.872517466545105
217.6,0.8721908926963806
217.7,0.8723466992378235
217.8,0.8722924590110779
217.9,0.8727131485939026
218.0,0.8724848031997681
218.1,0.8727058172225952
218.2,0.8726263642311096
218.3,0.87265944480896
218.4,0.8728163838386536
218.5,0.8725609183311462
218.6,0.8723101615905762
218.7,0.8721904158592224
218.8,0.8724198937416077
218.9,0.8721354007720947
219.0,0.8718027472496033
219.1,0.8719906806945801
219.2,0.8720564842224121
219.3,0.8725342750549316
219.4,0.8725930452346802
219.5,0.8724259734153748
219.6,0.8725989460945129
219.7,0.8725873231887817
219.8,0.8725664019584656
219.9,0.8723716735839844
220.0,0.8723657727241516
220.1,0.8724768161773682
220.2,0.8728869557380676
220.3,0.8730137944221497
220.4,0.8727344870567322
220.5,0.872800350189209
220.6,0.8730244040489197
220.7,0.8724567294120789
220.8,0.8725369572639465
220.9,0.8725443482398987
221.0,0.8722440004348755
221.1,0.8723355531692505
221.2,0.87275230884552
221.3,0.8723254799842834
221.4,0.8728038668632507
221.5,0.8725517392158508
221.6,0.8729623556137085
221.7,0.8726973533630371
221.8,0.8727076053619385
221.9,0.8725853562355042
222.0,0.8726414442062378
222.1,0.8729124069213867
222.2,0.8727359771728516
222.3,0.872503936290741
222.4,0.8726336359977722
222.5,0.872650682926178
222.6,0.8724637627601624
222.7,0.8723515868186951
222.8,0.8721622228622437
222.9,0.8728185296058655
223.0,0.8727135062217712
223.1,0.8728494048118591
223.2,0.8726069331169128
223.3,0.8728291392326355
223.4,0.8729701638221741
223.5,0.8729296922683716
223.6,0.8727679252624512
223.7,0.8725093603134155
223.8,0.8732024431228638
223.9,0.8728916049003601
224.0,0.8727813363075256
224.1,0.8727276921272278
224.2,0.8724924325942993
224.3,0.8727890849113464
224.4,0.8728737831115723
224.5,0.8725287318229675
224.6,0.8722884654998779
224.7,0.8717362284660339
224.8,0.8723454475402832
224.9,0.8723987936973572
225.0,0.8724624514579773
225.1,0.8723298907279968
225.2,0.8724022507667542
225.3,0.8723502159118652
225.4,0.8724024295806885
225.5,0.8724356293678284
225.6,0.8727436661720276
225.7,0.8725232481956482
225.8,0.8726351857185364
225.9,0.8722877502441406
226.0,0.8728074431419373
226.1,0.872886061668396
226.2,0.8726407885551453
226.3,0.8729531168937683
226.4,0.8724082112312317
226.5,0.8725515604019165
226.6,0.8723356127738953
226.7,0.8722295165061951
226.8,0.8724610209465027
226.9,0.8723602294921875
227.0,0.8723083138465881
227.1,0.872555136680603
227.2,0.87257319688797
227.3,0.8728165030479431
227.4,0.8726735711097717
227.5,0.8728047013282776
227.6,0.8725526928901672
227.7,0.8724526762962341
227.8,0.8725782036781311
227.9,0.8726416230201721
228.0,0.8725924491882324
228.1,0.8723227381706238
228.2,0.8724343180656433
228.3,0.872672975063324
228.4,0.8725911378860474
228.5,0.8728024959564209
228.6,0.872286856174469
228.7,0.8722310662269592
228.8,0.8724245429039001
228.9,0.8721639513969421
229.0,0.8720444440841675
229.1,0.8722427487373352
229.2,0.8720408082008362
229.3,0.8724284172058105
229.4,0.8720903992652893
229.5,0.872373104095459
229.6,0.872722327709198
229.7,0.8726228475570679
229.8,0.872607409954071
229.9,0.8725388646125793
230.0,0.8725384473800659
230.1,0.8722469210624695
230.2,0.8722938895225525
230.3,0.8728180527687073
230.4,0.8729193210601807
230.5,0.8723776340484619
230.6,0.8723178505897522
230.7,0.8726289868354797
230.8,0.872828483581543
230.9,0.8725706338882446
231.0,0.8725355267524719
231.1,0.872474730014801
231.2,0.8724137544631958
231.3,0.872584879398346
231.4,0.8725773692131042
231.5,0.8725748062133789
231.6,0.8729331493377686
231.7,0.87269127368927
231.8,0.873033344745636
231.9,0.8729498386383057
232.0,0.8725549578666687
232.1,0.872292160987854
232.2,0.8725456595420837
232.3,0.8724367618560791
232.4,0.8725090026855469
232.5,0.8726031184196472
232.6,0.8724043369293213
232.7,0.8723296523094177
232.8,0.8724033832550049
232.9,0.8726403713226318
233.0,0.8725348711013794
233.1,0.8724288940429688
233.2,0.8728700876235962
233.3,0.8729271292686462
233.4,0.8729997277259827
233.5,0.87281733751297
233.6,0.8728948831558228
233.7,0.8729146122932434
233.8,0.872808039188385
233.9,0.8728190660476685
234.0,0.8724513053894043
234.1,0.8723567724227905
234.2,0.8726133108139038
234.3,0.8723814487457275
234.4,0.8723625540733337
234.5,0.8724223375320435
234.6,0.8726322650909424
234.7,0.8726499676704407
234.8,0.8730244040489197
234.9,0.872548520565033
235.0,0.8725719451904297
235.1,0.8723835945129395
235.2,0.8727236390113831
235.3,0.8722993731498718
235.4,0.8723981380462646
235.5,0.8721155524253845
235.6,0.8723238110542297
235.7,0.872089684009552
235.8,0.8722258806228638
235.9,0.8724319934844971
236.0,0.8720870614051819
236.1,0.8719953894615173
236.2,0.8718037605285645
236.3,0.8717967867851257
236.4,0.8714062571525574
236.5,0.8716285228729248
236.6,0.871566891670227
236.7,0.8716246485710144
236.8,0.8715683817863464
236.9,0.8715039491653442
237.0,0.872064471244812
237.1,0.8724886178970337
237.2,0.8727576732635498
237.3,0.8726798295974731
237.4,0.8725733757019043
237.5,0.8725787997245789
237.6,0.8727073669433594
237.7,0.872754693031311
237.8,0.8722843527793884
237.9,0.8726240396499634
238.0,0.8728694319725037
238.1,0.8728966116905212
238.2,0.8725188970565796
238.3,0.8723651170730591
238.4,0.8725857138633728
238.5,0.872261643409729
238.6,0.8726426362991333
238.7,0.8727297186851501
238.8,0.8726004958152771
238.9,0.8725839853286743
239.0,0.8725173473358154
239.1,0.8725842833518982
239.2,0.8728457689285278
239.3,0.8732568025588989
239.4,0.8730654120445251
239.5,0.8731687068939209
239.6,0.8729187846183777
239.7,0.87274169921875
239.8,0.8727304339408875
239.9,0.872641384601593
240.0,0.8726056218147278
240.1,0.8724360466003418
240.2,0.8717564344406128
240.3,0.8718833923339844
240.4,0.8717474937438965
240.5,0.8718311786651611
240.6,0.8720658421516418
240.7,0.8722794055938721
240.8,0.8722043037414551
240.9,0.8725172877311707
241.0,0.8723577857017517
241.1,0.8725609183311462
241.2,0.872270405292511
241.3,0.872308611869812
241.4,0.8723413348197937
241.5,0.872521162033081
241.6,0.872458815574646
241.7,0.8721460700035095
241.8,0.8721147775650024
241.9,0.872402012348175
242.0,0.8720084428787231
242.1,0.8724015951156616
242.2,0.8727092742919922
242.3,0.8726719617843628
242.4,0.8726747632026672
242.5,0.872896671295166
242.6,0.8726342916488647
242.7,0.8729544878005981
242.8,0.8729499578475952
242.9,0.8725227117538452
243.0,0.8718938231468201
243.1,0.8717668652534485
243.2,0.8717842698097229
243.3,0.871816873550415
243.4,0.8717560172080994
243.5,0.8712468147277832
243.6,0.8715435266494751
243.7,0.871568500995636
243.8,0.8722472786903381
243.9,0.8721374869346619
244.0,0.8719764351844788
244.1,0.8720744252204895
244.2,0.8719116449356079
244.3,0.8722200989723206
244.4,0.8719875812530518
244.5,0.8717808127403259
244.6,0.8715484738349915
244.7,0.8716986179351807
244.8,0.8719116449356079
244.9,0.8723689913749695
245.0,0.872405469417572
245.1,0.8720991015434265
245.2,0.871880829334259
245.3,0.8716685771942139
245.4,0.8717668652534485
245.5,0.8719097375869751
245.6,0.871558427810669
245.7,0.8712663054466248
245.8,0.871234655380249
245.9,0.8711842894554138
246.0,0.8712807297706604
246.1,0.871494710445404
246.2,0.8717641234397888
246.3,0.8720879554748535
246.4,0.8722074031829834
246.5,0.8719313144683838
246.6,0.8720933198928833
246.7,0.8723748922348022
246.8,0.8722060918807983
246.9,0.8722485303878784
247.0,0.8727155923843384
247.1,0.8730741143226624
247.2,0.8726398944854736
247.3,0.8724137544631958
247.4,0.872147262096405
247.5,0.8719081878662109
247.6,0.8717113137245178
247.7,0.8713992834091187
247.8,0.8715616464614868
247.9,0.8715022206306458
248.0,0.8714971542358398
248.1,0.8717086315155029
248.2,0.8716979026794434
248.3,0.8717952966690063
248.4,0.8717464804649353
248.5,0.8715626001358032
248.6,0.8714374899864197
248.7,0.871254563331604
248.8,0.8713622689247131
248.9,0.8715357184410095
249.0,0.8717684745788574
249.1,0.8720076680183411
249.2,0.872238278388977
249.3,0.8721174001693726
249.4,0.871864914894104
249.5,0.8717947602272034
249.6,0.8714107871055603
249.7,0.8719639778137207
249.8,0.8721876740455627
249.9,0.8717743754386902
250.0,0.8717184066772461
250.1,0.8716339468955994
250.2,0.8719580769538879
250.3,0.8720033168792725
250.4,0.8713610768318176
250.5,0.8717102408409119
250.6,0.8720963001251221
250.7,0.8726160526275635
250.8,0.8725841045379639
250.9,0.8722910284996033
251.0,0.8719286322593689
251.1,0.8717225790023804
251.2,0.871656596660614
251.3,0.871830940246582
251.4,0.8718205094337463
251.5,0.8719782829284668
251.6,0.8721058368682861
251.7,0.8724706172943115
251.8,0.872628390789032
251.9,0.8728753328323364
252.0,0.8727924227714539
252.1,0.8724539279937744
252.2,0.8722969889640808
252.3,0.8721992373466492
252.4,0.8725787997245789
252.5,0.8725778460502625
252.6,0.8726980090141296
252.7,0.872524082660675
252.8,0.8725195527076721
252.9,0.8721370100975037
253.0,0.8721433877944946
253.1,0.8726789355278015
253.2,0.872765302658081
253.3,0.8725469708442688
253.4,0.872607946395874
253.5,0.872584879398346
253.6,0.8722208738327026
253.7,0.8725103139877319
253.8,0.8722662329673767
253.9,0.872022807598114
254.0,0.8716992735862732
254.1,0.8719627857208252
254.2,0.8715800642967224
254.3,0.8715217709541321
254.4,0.8717966675758362
254.5,0.8719927668571472
254.6,0.8724962472915649
254.7,0.8728600144386292
254.8,0.8728187084197998
254.9,0.8724573850631714
255.0,0.8723748922348022
255.1,0.8726169466972351
255.2,0.8725427985191345
255.3,0.8726363778114319
255.4,0.8722997307777405
255.5,0.8723569512367249
255.6,0.8723564743995667
255.7,0.8724120855331421
255.8,0.872475266456604
255.9,0.8726494312286377
256.0,0.872690737247467
256.1,0.8728330135345459
256.2,0.8727802634239197
256.3,0.873024582862854
256.4,0.8729875683784485
256.5,0.8727771043777466
256.6,0.8729169368743896
256.7,0.8726959228515625
256.8,0.8728505373001099
256.9,0.8734113574028015
257.0,0.8731769919395447
257.1,0.8732210993766785
257.2,0.8730922341346741
257.3,0.8727657198905945
257.4,0.8728147149085999
257.5,0.8726282715797424
257.6,0.8725921511650085
257.7,0.8724818229675293
257.8,0.8723819851875305
257.9,0.8724557757377625
258.0,0.8725468516349792
258.1,0.8724747896194458
258.2,0.8726537227630615
258.3,0.8726156949996948
258.4,0.8727554678916931
258.5,0.8726651668548584
258.6,0.8723896741867065
258.7,0.8726809620857239
258.8,0.8726750612258911
258.9,0.8727729320526123
259.0,0.8724091053009033
259.1,0.8727008104324341
259.2,0.8725594878196716
259.3,0.8727666735649109
259.4,0.8725877404212952
259.5,0.8726556897163391
259.6,0.8727021217346191
259.7,0.8725830912590027
259.8,0.8725979924201965
259.9,0.8725183606147766
260.0,0.8724846839904785
260.1,0.8725712895393372
260.2,0.8726046085357666
260.3,0.8727960586547852
260.4,0.8725751638412476
260.5,0.8725069165229797
260.6,0.8728235960006714
260.7,0.8727410435676575
260.8,0.8729968070983887
260.9,0.8727479577064514
261.0,0.8730188012123108
261.1,0.8728111386299133
261.2,0.8727240562438965
261.3,0.8729634881019592
261.4,0.8725054860115051
261.5,0.8726066946983337
261.6,0.8722441792488098
261.7,0.87242192029953
261.8,0.8724502921104431
261.9,0.8724836111068726
262.0,0.8726126551628113
262.1,0.8722242712974548
262.2,0.872532069683075
262.3,0.8726608753204346
262.4,0.872725784778595
262.5,0.8726254105567932
262.6,0.87269526720047
262.7,0.8726532459259033
262.8,0.8727714419364929
262.9,0.872600257396698
263.0,0.8723821043968201
263.1,0.8723214864730835
263.2,0.8721975684165955
263.3,0.8722533583641052
263.4,0.8721267580986023
263.5,0.8718501329421997
263.6,0.8719728589057922
263.7,0.8718469738960266
263.8,0.8718162178993225
263.9,0.8716958165168762
264.0,0.8715136051177979
264.1,0.8713647127151489
264.2,0.8717964887619019
264.3,0.8719543218612671
264.4,0.872380256652832
264.5,0.8731887936592102
264.6,0.8732427954673767
264.7,0.8727630972862244
264.8,0.8732062578201294
264.9,0.8731428384780884
265.0,0.8731851577758789
265.1,0.8726990222930908
265.2,0.8717870712280273
265.3,0.8716369867324829
265.4,0.8717741966247559
265.5,0.8715659379959106
265.6,0.871565580368042
265.7,0.8714777827262878
265.8,0.8716364502906799
265.9,0.8719673156738281
266.0,0.8724371790885925
266.1,0.872596263885498
266.2,0.8724939823150635
266.3,0.8724533319473267
266.4,0.8722909092903137
266.5,0.8720828890800476
266.6,0.8723672032356262
266.7,0.8721929788589478
266.8,0.8721223473548889
266.9,0.8721558451652527
267.0,0.8722813129425049
267.1,0.8725539445877075
267.2,0.8730080127716064
267.3,0.8730615973472595
267.4,0.8728020787239075
267.5,0.8728013634681702
267.6,0.8729047179222107
267.7,0.8728537559509277
267.8,0.8721170425415039
267.9,0.8716710209846497
268.0,0.8713310360908508
268.1,0.8711467385292053
268.2,0.8711687922477722
268.3,0.8711506724357605
268.4,0.8711826205253601
268.5,0.8712010979652405
268.6,0.8712565302848816
268.7,0.87160724401474
268.8,0.8716887831687927
268.9,0.8717827200889587
269.0,0.872347354888916
269.1,0.8725544810295105
269.2,0.8727179765701294
269.3,0.8726661205291748
269.4,0.8731154799461365
269.5,0.8726369738578796
269.6,0.872868537902832
269.7,0.8729503154754639
269.8,0.8726440072059631
269.9,0.8731664419174194
270.0,0.8731729388237
270.1,0.8732550740242004
270.2,0.8731667399406433
270.3,0.8732723593711853
270.4,0.8732491731643677
270.5,0.8730650544166565
270.6,0.8730810284614563
270.7,0.8731411695480347
270.8,0.8729047775268555
270.9,0.872913658618927
271.0,0.8730058073997498
271.1,0.8727174997329712
271.2,0.8723599314689636
271.3,0.872334897518158
271.4,0.8724684715270996
271.5,0.8724566698074341
271.6,0.872646689414978
271.7,0.8730118870735168
271.8,0.8731388449668884
271.9,0.8728135228157043
272.0,0.8724159002304077
272.1,0.8727549314498901
272.2,0.872754693031311
272.3,0.8723720908164978
272.4,0.8722798228263855
272.5,0.8719496130943298
272.6,0.8722274899482727
272.7,0.8724011182785034
272.8,0.8725734353065491
272.9,0.8728499412536621
273.0,0.8725841045379639
273.1,0.8727166056632996
273.2,0.8725753426551819
273.3,0.8726622462272644
273.4,0.8721931576728821
273.5,0.8722003698348999
273.6,0.8722106218338013
273.7,0.8724267482757568
273.8,0.8723541498184204
273.9,0.8722549080848694
274.0,0.8722842931747437
274.1,0.8721858263015747
274.2,0.8726723194122314
274.3,0.872918426990509
274.4,0.8721606135368347
274.5,0.8724231719970703
274.6,0.872511088848114
274.7,0.8725351691246033
274.8,0.872492253780365
274.9,0.8725078701972961
275.0,0.8727024793624878
275.1,0.8731014132499695
275.2,0.8727991580963135
275.3,0.8725765347480774
275.4,0.8722440004348755
275.5,0.8717659711837769
275.6,0.8715923428535461
275.7,0.8720348477363586
275.8,0.8718156814575195
275.9,0.8718202114105225
276.0,0.8719582557678223
276.1,0.8724347949028015
276.2,0.8720222115516663
276.3,0.8723496198654175
276.4,0.8723695874214172
276.5,0.8721035718917847
276.6,0.8724347949028015
276.7,0.8724079132080078
276.8,0.872086226940155
276.9,0.8719925284385681
277.0,0.8724663853645325
277.1,0.8728721737861633
277.2,0.8727373480796814
277.3,0.8722543716430664
277.4,0.8721202611923218
277.5,0.8723292946815491
277.6,0.8722931146621704
277.7,0.8724091053009033
277.8,0.8725186586380005
277.9,0.8725869655609131
278.0,0.87240070104599
278.1,0.8724467754364014
278.2,0.8722147941589355
278.3,0.8724172711372375
278.4,0.8723451495170593
278.5,0.872580349445343
278.6,0.8723613023757935
278.7,0.8723371028900146
278.8,0.8723409175872803
278.9,0.872200608253479
279.0,0.8726755976676941
279.1,0.8728678226470947
279.2,0.8730818629264832
279.3,0.8730792999267578
279.4,0.8729392886161804
279.5,0.8730108737945557
279.6,0.8726910948753357
279.7,0.8726183176040649
279.8,0.8722392916679382
279.9,0.8723179697990417
280.0,0.8724804520606995
280.1,0.8725858926773071
280.2,0.8724687099456787
280.3,0.8723545074462891
280.4,0.8725542426109314
280.5,0.871976912021637
280.6,0.8726688623428345
280.7,0.8724786043167114
280.8,0.8725954294204712
280.9,0.8726227283477783
281.0,0.8725419044494629
281.1,0.8726826906204224
281.2,0.8724589943885803
281.3,0.8723104000091553
281.4,0.8724643588066101
281.5,0.8722304105758667
281.6,0.8725329041481018
281.7,0.8722991943359375
281.8,0.8726582527160645
281.9,0.872901439666748
282.0,0.8725128173828125
282.1,0.8724746108055115
282.2,0.8725228905677795
282.3,0.872978925704956
282.4,0.8727725744247437
282.5,0.8728175163269043
282.6,0.8727271556854248
282.7,0.8726122379302979
282.8,0.8725935816764832
282.9,0.8725571036338806
283.0,0.8723694086074829
283.1,0.8724983930587769
283.2,0.872269332408905
283.3,0.8723642230033875
283.4,0.872412383556366
283.5,0.8724987506866455
283.6,0.872534990310669
283.7,0.8725099563598633
283.8,0.8728012442588806
283.9,0.8727973699569702
284.0,0.8730484843254089
284.1,0.8727282285690308
284.2,0.8728551864624023
284.3,0.8727489709854126
284.4,0.8726921081542969
284.5,0.87282395362854
284.6,0.8725993037223816
284.7,0.8725518584251404
284.8,0.872670590877533
284.9,0.8722577095031738
285.0,0.8724148273468018
285.1,0.8721432685852051
285.2,0.872653603553772
285.3,0.8727092742919922
285.4,0.8723786473274231
285.5,0.8719075918197632
285.6,0.8720343708992004
285.7,0.8719515204429626
285.8,0.8717291951179504
285.9,0.871523380279541
286.0,0.8714083433151245
286.1,0.8718432188034058
286.2,0.8719133138656616
286.3,0.8724058270454407
286.4,0.8728253245353699
286.5,0.8727269768714905
286.6,0.8727811574935913
286.7,0.8724698424339294
286.8,0.8728510141372681
286.9,0.8727011680603027
287.0,0.8726200461387634
287.1,0.8724575638771057
287.2,0.8726891875267029
287.3,0.8728147149085999
287.4,0.8725870847702026
287.5,0.8724544644355774
287.6,0.8724941611289978
287.7,0.8724974989891052
287.8,0.8721500635147095
287.9,0.8728501796722412
288.0,0.8726428151130676
288.1,0.8725498914718628
288.2,0.872668981552124
288.3,0.8725481629371643
288.4,0.8725120425224304
288.5,0.8723945021629333
288.6,0.872045636177063
288.7,0.8723244667053223
288.8,0.8725748062133789
288.9,0.8724281787872314
289.0,0.8725087642669678
289.1,0.8727070689201355
289.2,0.8725536465644836
289.3,0.8726977109909058
289.4,0.8724504709243774
289.5,0.872604250907898
289.6,0.8725864291191101
289.7,0.8727085590362549
289.8,0.8724351525306702
289.9,0.8725131750106812
290.0,0.8722283244132996
290.1,0.8723345398902893
290.2,0.8725507855415344
290.3,0.8725525736808777
290.4,0.872359573841095
290.5,0.8725985288619995
290.6,0.8726452589035034
290.7,0.872660219669342
290.8,0.8725160360336304
290.9,0.8725404143333435
291.0,0.8725004196166992
291.1,0.8723291158676147
291.2,0.8724043369293213
291.3,0.8724492192268372
291.4,0.8723269104957581
291.5,0.8724980354309082
291.6,0.8723865151405334
291.7,0.8727457523345947
291.8,0.8726348280906677
291.9,0.8725725412368774
292.0,0.8721486330032349
292.1,0.872583270072937
292.2,0.8727536797523499
292.3,0.872642993927002
292.4,0.8728809952735901
292.5,0.8726706504821777
292.6,0.8725255131721497
292.7,0.8724024295806885
292.8,0.8725531101226807
292.9,0.8724985122680664
293.0,0.8727642893791199
293.1,0.8724358081817627
293.2,0.8727240562438965
293.3,0.8727582097053528
293.4,0.872860848903656
293.5,0.8725625872612
293.6,0.8726757764816284
293.7,0.872794508934021
293.8,0.8726304769515991
293.9,0.8724523782730103
294.0,0.8728281259536743
294.1,0.8726261854171753
294.2,0.8727707266807556
294.3,0.872704803943634
294.4,0.8726305365562439
294.5,0.8727126121520996
294.6,0.8725879192352295
294.7,0.8723678588867188
294.8,0.872587263584137
294.9,0.8724045157432556
295.0,0.8723086714744568
295.1,0.8724335432052612
295.2,0.8723188638687134
295.3,0.8725020289421082
295.4,0.8725414276123047
295.5,0.8726171851158142
295.6,0.8727333545684814
295.7,0.8725020289421082
295.8,0.8722801208496094
295.9,0.8723300099372864
296.0,0.8720089793205261
296.1,0.8721174001693726
296.2,0.8719029426574707
296.3,0.8718814849853516
296.4,0.8720266819000244
296.5,0.8719224333763123
296.6,0.8724018335342407
296.7,0.8724809885025024
296.8,0.8723726272583008
296.9,0.8727032542228699
297.0,0.8725353479385376
297.1,0.872387707233429
297.2,0.8725582957267761
297.3,0.8724217414855957
297.4,0.8723181486129761
297.5,0.8727525472640991
297.6,0.8728813529014587
297.7,0.8727965950965881
297.8,0.8728935122489929
297.9,0.872407853603363
298.0,0.8721022009849548
298.1,0.8720672130584717
298.2,0.8721916675567627
298.3,0.8721973896026611
298.4,0.8724507689476013
298.5,0.872322142124176
298.6,0.8718323707580566
298.7,0.8722394704818726
298.8,0.8723856806755066
298.9,0.8723873496055603
299.0,0.8721849918365479
299.1,0.8719017505645752
299.2,0.8718616962432861
299.3,0.872173011302948
299.4,0.8724472522735596
299.5,0.8720678091049194
299.6,0.8721126914024353
299.7,0.8718703389167786
299.8,0.8721173405647278
299.9,0.8720875978469849
300.0,0.8718600869178772
300.1,0.8714123964309692
300.2,0.8716851472854614
300.3,0.8716892004013062
300.4,0.8719131350517273
300.5,0.8721295595169067
300.6,0.8726745843887329
300.7,0.8722701668739319
300.8,0.8722441792488098
300.9,0.8724458813667297
301.0,0.872114360332489
301.1,0.8718851208686829
301.2,0.8717586994171143
301.3,0.8720548748970032
301.4,0.8717177510261536
301.5,0.8716567158699036
301.6,0.8713781833648682
301.7,0.8715712428092957
301.8,0.871941864490509
301.9,0.872311532497406
302.0,0.8730157017707825
302.1,0.873010516166687
302.2,0.8727986216545105
302.3,0.8723675608634949
302.4,0.8725664615631104
302.5,0.872493326663971
302.6,0.8721975684165955
302.7,0.8723641037940979
302.8,0.8723258972167969
302.9,0.8724690675735474
303.0,0.8724314570426941
303.1,0.8725404143333435
303.2,0.8725497722625732
303.3,0.8726487755775452
303.4,0.8726133108139038
303.5,0.872180700302124
303.6,0.8722034692764282
303.7,0.8719685077667236
303.8,0.8720992803573608
303.9,0.8718432188034058
304.0,0.8717018365859985
304.1,0.8721133470535278
304.2,0.8723555207252502
304.3,0.8723856806755066
304.4,0.872567355632782
304.5,0.8728081583976746
304.6,0.872618556022644
304.7,0.8726396560668945
304.8,0.8725891709327698
304.9,0.8728974461555481
305.0,0.8724349737167358
305.1,0.8725616335868835
305.2,0.8723546862602234
305.3,0.8724139332771301
305.4,0.8724812269210815
305.5,0.8725164532661438
305.6,0.8722162842750549
305.7,0.8724098205566406
305.8,0.8726297616958618
305.9,0.8722848296165466
306.0,0.8723496198654175
306.1,0.8726558089256287
306.2,0.8724339008331299
306.3,0.8723925948143005
306.4,0.8722642660140991
306.5,0.8722632527351379
306.6,0.8722568154335022
306.7,0.872472882270813
306.8,0.8722038269042969
306.9,0.8721535205841064
307.0,0.8722168207168579
307.1,0.8721308708190918
307.2,0.8723296523094177
307.3,0.8721022605895996
307.4,0.8723169565200806
307.5,0.8719933032989502
307.6,0.8721608519554138
307.7,0.8726513385772705
307.8,0.8729836344718933
307.9,0.8729580044746399
308.0,0.8725162744522095
308.1,0.8724307417869568
308.2,0.8723538517951965
308.3,0.8722630739212036
308.4,0.8725348711013794
308.5,0.8725586533546448
308.6,0.8724178075790405
308.7,0.872212290763855
308.8,0.8724353313446045
308.9,0.8726325631141663
309.0,0.87238609790802
309.1,0.8725523948669434
309.2,0.8725250959396362
309.3,0.8726905584335327
309.4,0.8725160956382751
309.5,0.8721963167190552
309.6,0.8724378943443298
309.7,0.8723973035812378
309.8,0.8725325465202332
309.9,0.8727415204048157
310.0,0.8726648688316345
310.1,0.8724930286407471
310.2,0.8726024031639099
310.3,0.872622013092041
310.4,0.8723695874214172
310.5,0.8725054860115051
310.6,0.8723906874656677
310.7,0.8725484013557434
310.8,0.8723310232162476
310.9,0.8724797964096069
311.0,0.8728223443031311
311.1,0.8725190162658691
311.2,0.8726575970649719
311.3,0.8727821111679077
311.4,0.8729602098464966
311.5,0.8727750182151794
311.6,0.8728216886520386
311.7,0.8726219534873962
311.8,0.8726508617401123
311.9,0.8727889060974121
312.0,0.8726704120635986
312.1,0.8723305463790894
312.2,0.8725784420967102
312.3,0.8726385235786438
312.4,0.8727051615715027
312.5,0.8728706240653992
312.6,0.8726615905761719
312.7,0.8726514577865601
312.8,0.8724991083145142
312.9,0.8726826906204224
313.0,0.8724666237831116
313.1,0.8723961710929871
313.2,0.8726928234100342
313.3,0.8725565075874329
313.4,0.8725535869598389
313.5,0.8728242516517639
313.6,0.8726943731307983
313.7,0.8728299736976624
313.8,0.8725353479385376
313.9,0.8724727034568787
314.0,0.8724375367164612
314.1,0.8726548552513123
314.2,0.8724596500396729
314.3,0.8726192712783813
314.4,0.8725059628486633
314.5,0.8725824356079102
314.6,0.8725544214248657
314.7,0.8727177381515503
314.8,0.8725504875183105
314.9,0.8725119233131409
315.0,0.8725067377090454
315.1,0.8723209500312805
315.2,0.8722454905509949
315.3,0.872515082359314
315.4,0.8726433515548706
315.5,0.8723912239074707
315.6,0.8724935054779053
315.7,0.8725472092628479
315.8,0.8723652362823486
315.9,0.8723258972167969
316.0,0.8722695708274841
316.1,0.8726039528846741
316.2,0.872369110584259
316.3,0.8723430037498474
316.4,0.8731237649917603
316.5,0.8726672530174255
316.6,0.8726330995559692
316.7,0.8727871775627136
316.8,0.8724362254142761
316.9,0.8725207448005676
317.0,0.8723025918006897
317.1,0.872232973575592
317.2,0.8727179169654846
317.3,0.87257319688797
317.4,0.8727803826332092
317.5,0.8729333281517029
317.6,0.8731189370155334
317.7,0.8729541897773743
317.8,0.8728276491165161
317.9,0.8726664781570435
318.0,0.8725202679634094
318.1,0.8726722002029419
318.2,0.8726275563240051
318.3,0.8726493716239929
318.4,0.8726599812507629
318.5,0.8725813627243042
318.6,0.8725667595863342
318.7,0.8725447654724121
318.8,0.872285008430481
318.9,0.8725979924201965
319.0,0.8722060322761536
319.1,0.8721224069595337
319.2,0.8723828196525574
319.3,0.8724827170372009
319.4,0.8723974227905273
319.5,0.8725255131721497
319.6,0.8721442818641663
319.7,0.8723572492599487
319.8,0.8723716735839844
319.9,0.8726997375488281
320.0,0.8723061680793762
320.1,0.8722246289253235
320.2,0.8727042078971863
320.3,0.8725065588951111
320.4,0.8726377487182617
320.5,0.8727302551269531
320.6,0.8725674748420715
320.7,0.8725299835205078
320.8,0.8726223707199097
320.9,0.8726122975349426
321.0,0.8723917007446289
321.1,0.8721493482589722
321.2,0.872511088848114
321.3,0.8725382685661316
321.4,0.8724960684776306
321.5,0.872709333896637
321.6,0.8725952506065369
321.7,0.8724142909049988
321.8,0.8725303411483765
321.9,0.8725677132606506
322.0,0.872922420501709
322.1,0.8725463151931763
322.2,0.8724557757377625
322.3,0.8724411725997925
322.4,0.8720059394836426
322.5,0.8718743920326233
322.6,0.8720324039459229
322.7,0.8721157908439636
322.8,0.8724280595779419
322.9,0.872194766998291
323.0,0.8727424740791321
323.1,0.8726757764816284
323.2,0.872569739818573
323.3,0.8725702166557312
323.4,0.8727777004241943
323.5,0.8727011680603027
323.6,0.8727853298187256
323.7,0.8727409243583679
323.8,0.8725086450576782
323.9,0.8726574182510376
324.0,0.8724902272224426
324.1,0.8724155426025391
324.2,0.8725879788398743
324.3,0.8724591135978699
324.4,0.8725506067276001
324.5,0.8723239302635193
324.6,0.8726387023925781
324.7,0.8723447322845459
324.8,0.8727344870567322
324.9,0.8724173903465271
325.0,0.8726674318313599
325.1,0.8727214932441711
325.2,0.8727743625640869
325.3,0.8725609183311462
325.4,0.8724569082260132
325.5,0.8726974725723267
325.6,0.8731274008750916
325.7,0.8722242712974548
325.8,0.8717517256736755
325.9,0.8715881705284119
326.0,0.8715310096740723
326.1,0.8716192841529846
326.2,0.8713639974594116
326.3,0.8713284134864807
326.4,0.8713640570640564
326.5,0.8711870908737183
326.6,0.8715797066688538
326.7,0.8721885085105896
326.8,0.8724282383918762
326.9,0.872102677822113
327.0,0.8724374175071716
327.1,0.872618556022644
327.2,0.8723698258399963
327.3,0.8728919625282288
327.4,0.8727009892463684
327.5,0.8725877404212952
327.6,0.8726072907447815
327.7,0.8726955652236938
327.8,0.872604250907898
327.9,0.8726032972335815
328.0,0.8726157546043396
328.1,0.8718047142028809
328.2,0.8715416193008423
328.3,0.8715198040008545
328.4,0.8714507222175598
328.5,0.8714715242385864
328.6,0.8713625073432922
328.7,0.8713481426239014
328.8,0.8713584542274475
328.9,0.8715187907218933
329.0,0.8719232678413391
329.1,0.871902346611023
329.2,0.872461199760437
329.3,0.8730303049087524
329.4,0.8731165528297424
329.5,0.8731055855751038
329.6,0.8728829026222229
329.7,0.8727313280105591
329.8,0.8730084300041199
329.9,0.8724257946014404
330.0,0.8721625804901123
330.1,0.8723117113113403
330.2,0.8726155757904053
330.3,0.8723458051681519
330.4,0.8719448447227478
330.5,0.8724332451820374
330.6,0.8720120191574097
330.7,0.8724716305732727
330.8,0.8722341060638428
330.9,0.8723890781402588
331.0,0.872789740562439
331.1,0.8734137415885925
331.2,0.8726353049278259
331.3,0.8725837469100952
331.4,0.8724257946014404
331.5,0.8724608421325684
331.6,0.8722761273384094
331.7,0.8721907138824463
331.8,0.872412919998169
331.9,0.8723064064979553
332.0,0.8722436428070068
332.1,0.8723800182342529
332.2,0.8725019693374634
332.3,0.8722929954528809
332.4,0.8725212812423706
332.5,0.8722854852676392
332.6,0.8721634745597839
332.7,0.8720390796661377
332.8,0.8716943264007568
332.9,0.8720580339431763
333.0,0.8720725774765015
333.1,0.8720186352729797
333.2,0.8725855350494385
333.3,0.8724344968795776
333.4,0.8723052740097046
333.5,0.872714638710022
333.6,0.8726601600646973
333.7,0.8728350400924683
333.8,0.8731287717819214
333.9,0.8730795979499817
334.0,0.8728055953979492
334.1,0.8729383945465088
334.2,0.8727198839187622
334.3,0.8724458813667297
334.4,0.87248694896698
334.5,0.872416079044342
334.6,0.8725141286849976
334.7,0.8725542426109314
334.8,0.8725160360336304
334.9,0.8726294040679932
335.0,0.8723684549331665
335.1,0.8725139498710632
335.2,0.8724665641784668
335.3,0.8726025819778442
335.4,0.8725195527076721
335.5,0.8724250793457031
335.6,0.8725775480270386
335.7,0.8726571798324585
335.8,0.8727047443389893
335.9,0.8728482127189636
336.0,0.8726713061332703
336.1,0.8728206157684326
336.2,0.8727148175239563
336.3,0.8726722002029419
336.4,0.8729659914970398
336.5,0.8728702664375305
336.6,0.8728997111320496
336.7,0.8730853199958801
336.8,0.8729676604270935
336.9,0.8728598952293396
337.0,0.8726891279220581
337.1,0.8726894855499268
337.2,0.8730664253234863
337.3,0.8728829026222229
337.4,0.8726226687431335
337.5,0.872621476650238
337.6,0.8724747896194458
337.7,0.8723180294036865
337.8,0.8724799156188965
337.9,0.8724151253700256
338.0,0.8721398115158081
338.1,0.8723100423812866
338.2,0.8724871277809143
338.3,0.872786819934845
338.4,0.8727301359176636
338.5,0.8727641701698303
338.6,0.8728179335594177
338.7,0.8728070855140686
338.8,0.8727824687957764
338.9,0.8728150725364685
339.0,0.872772753238678
339.1,0.8727315068244934
339.2,0.8725162744522095
339.3,0.8725368976593018
339.4,0.8725858926773071
339.5,0.8725261688232422
339.6,0.8726351857185364
339.7,0.8721726536750793
339.8,0.8725945949554443
339.9,0.8724204301834106
340.0,0.8725205659866333
340.1,0.8724870681762695
340.2,0.8726129531860352
340.3,0.8724030256271362
340.4,0.8727214932441711
340.5,0.872503399848938
340.6,0.8725756406784058
340.7,0.8731222152709961
340.8,0.8724986910820007
340.9,0.8725490570068359
341.0,0.8725807070732117
341.1,0.8726323843002319
341.2,0.8725678324699402
341.3,0.8727461099624634
341.4,0.8727953433990479
341.5,0.8725004196166992
341.6,0.8725287318229675
341.7,0.8723084926605225
341.8,0.8725027441978455
341.9,0.8725581169128418
342.0,0.8725245594978333
342.1,0.8725624084472656
342.2,0.8726312518119812
342.3,0.8724331855773926
342.4,0.8723287582397461
342.5,0.8725712895393372
342.6,0.872607946395874
342.7,0.8725277185440063
342.8,0.8723090291023254
342.9,0.8724393248558044
343.0,0.8723025918006897
343.1,0.8721991181373596
343.2,0.8723233938217163
343.3,0.8726900219917297
343.4,0.8726263046264648
343.5,0.8724259734153748
343.6,0.8725438714027405
343.7,0.8726466298103333
343.8,0.8726725578308105
343.9,0.8726989030838013
344.0,0.8725785613059998
344.1,0.8727357983589172
344.2,0.8727871775627136
344.3,0.8728625774383545
344.4,0.8729541897773743
344.5,0.872913122177124
344.6,0.8727284073829651
344.7,0.8726354837417603
344.8,0.8728277683258057
344.9,0.8724789619445801
345.0,0.8724901676177979
345.1,0.8726221919059753
345.2,0.8722922801971436
345.3,0.8726959824562073
345.4,0.8727217316627502
345.5,0.8723626732826233
345.6,0.872753918170929
345.7,0.8726524114608765
345.8,0.8728726506233215
345.9,0.8729375600814819
346.0,0.8727882504463196
346.1,0.8731295466423035
346.2,0.8727024793624878
346.3,0.8725058436393738
346.4,0.8726044297218323
346.5,0.8724642992019653
346.6,0.8719478249549866
346.7,0.8723762631416321
346.8,0.8725082874298096
346.9,0.8723058700561523
347.0,0.8726000785827637
347.1,0.8725190162658691
347.2,0.8729612827301025
347.3,0.8729682564735413
347.4,0.8732162714004517
347.5,0.873043954372406
347.6,0.873181164264679
347.7,0.8726232051849365
347.8,0.8722957968711853
347.9,0.8728767037391663
348.0,0.8724175691604614
348.1,0.8725131154060364
348.2,0.8723655939102173
348.3,0.8723095059394836
348.4,0.8723939657211304
348.5,0.8728093504905701
348.6,0.8724884986877441
348.7,0.8722534775733948
348.8,0.872549295425415
348.9,0.8725574612617493
349.0,0.8723257184028625
349.1,0.8720319271087646
349.2,0.872154712677002
349.3,0.8724773526191711
349.4,0.872679591178894
349.5,0.8724531531333923
349.6,0.8725100159645081
349.7,0.8721660375595093
349.8,0.8718572854995728
349.9,0.8720229864120483
350.0,0.8718666434288025
350.1,0.8720082640647888
350.2,0.8719056844711304
350.3,0.8718797564506531
350.4,0.8723009824752808
350.5,0.872283399105072
350.6,0.8725712895393372
350.7,0.8725720047950745
350.8,0.8725355863571167
350.9,0.8725226521492004
351.0,0.8725613951683044
351.1,0.8722783327102661
351.2,0.8716925978660583
351.3,0.871414065361023
351.4,0.8713623285293579
351.5,0.8713386654853821
351.6,0.8715475797653198
351.7,0.8711360692977905
351.8,0.8714406490325928
351.9,0.8711872696876526
352.0,0.8715022802352905
352.1,0.8716710209846497
352.2,0.8716863393783569
352.3,0.8719998598098755
352.4,0.8720592856407166
352.5,0.8721333146095276
352.6,0.8728311061859131
352.7,0.87290358543396
352.8,0.8729101419448853
352.9,0.8730491399765015
353.0,0.8732318878173828
353.1,0.8730115294456482
353.2,0.8730056285858154
353.3,0.8725400567054749
353.4,0.8725400567054749
353.5,0.8723922371864319
353.6,0.8721192479133606
353.7,0.872475802898407
353.8,0.8723450899124146
353.9,0.8723891377449036
354.0,0.8723925352096558
354.1,0.8721188902854919
354.2,0.8721025586128235
354.3,0.8725329637527466
354.4,0.872572124004364
354.5,0.8724479675292969
354.6,0.8726533651351929
354.7,0.8726061582565308
354.8,0.8724644780158997
354.9,0.8723297119140625
355.0,0.8723360896110535
355.1,0.8723618388175964
355.2,0.8721306920051575
355.3,0.8722608685493469
355.4,0.8726785778999329
355.5,0.872486412525177
355.6,0.8724481463432312
355.7,0.8726603388786316
355.8,0.8724808096885681
355.9,0.8723752498626709
356.0,0.8725295066833496
356.1,0.8726106882095337
356.2,0.8725018501281738
356.3,0.872312605381012
356.4,0.8724203705787659
356.5,0.8725582361221313
356.6,0.8725127577781677
356.7,0.8727668523788452
356.8,0.8727570176124573
356.9,0.8726136088371277
357.0,0.8725172877311707
357.1,0.8725221157073975
357.2,0.8724493980407715
357.3,0.8726077675819397
357.4,0.8726160526275635
357.5,0.8724928498268127
357.6,0.8725780248641968
357.7,0.8724314570426941
357.8,0.8724859952926636
357.9,0.8726721405982971
358.0,0.872624397277832
358.1,0.8728911876678467
358.2,0.8725183606147766
358.3,0.8725171685218811
358.4,0.8725932240486145
358.5,0.8727502226829529
358.6,0.8724913001060486
358.7,0.8725690245628357
358.8,0.8724812269210815
358.9,0.8724087476730347
359.0,0.8725900650024414
359.1,0.8727279901504517
359.2,0.8725272417068481
359.3,0.8727028369903564
359.4,0.8728057742118835
359.5,0.8723640441894531
359.6,0.8724139332771301
359.7,0.8724865913391113
359.8,0.8724377751350403
359.9,0.8722089529037476
360.0,0.8723901510238647
360.1,0.8727220892906189
360.2,0.8726701140403748
360.3,0.8728043437004089
360.4,0.8725250959396362
