experiment,model,fold,seed,test_macro_f1,best_val_macro_f1
cv10_fold0_logmel_seed2024,logmel_baseline,0,2024,0.9401709401709402,0.9526510547497501
cv10_fold0_logmel_seed3407,logmel_baseline,0,3407,0.928409090909091,0.941023147773006
cv10_fold0_logmel_seed42,logmel_baseline,0,42,0.9279176201372997,0.9642461197339246
cv10_fold1_logmel_seed2024,logmel_baseline,1,2024,0.9011764705882352,0.9293237250554324
cv10_fold1_logmel_seed3407,logmel_baseline,1,3407,0.8877005347593583,0.9404424276800907
cv10_fold1_logmel_seed42,logmel_baseline,1,42,0.9011764705882352,0.9404424276800907
cv10_fold2_logmel_seed2024,logmel_baseline,2,2024,0.8815217391304347,0.9401709401709402
cv10_fold2_logmel_seed3407,logmel_baseline,2,3407,0.9295995670995671,0.9404424276800907
cv10_fold2_logmel_seed42,logmel_baseline,2,42,0.9057900432900432,0.9401709401709402
cv10_fold3_logmel_seed2024,logmel_baseline,3,2024,0.9279176201372997,0.9522727272727273
cv10_fold3_logmel_seed3407,logmel_baseline,3,3407,0.9279176201372997,0.9522727272727273
cv10_fold3_logmel_seed42,logmel_baseline,3,42,0.9404424276800907,0.9642654566080544
cv10_fold4_logmel_seed2024,logmel_baseline,4,2024,0.9401709401709402,0.9404424276800907
cv10_fold4_logmel_seed3407,logmel_baseline,4,3407,0.9401709401709402,0.9162393162393163
cv10_fold4_logmel_seed42,logmel_baseline,4,42,0.9401709401709402,0.928409090909091
cv10_fold5_logmel_seed2024,logmel_baseline,5,2024,0.915422077922078,0.9522727272727273
cv10_fold5_logmel_seed3407,logmel_baseline,5,3407,0.9034883720930234,0.9522727272727273
cv10_fold5_logmel_seed42,logmel_baseline,5,42,0.9027777777777778,0.9522727272727273
cv10_fold6_logmel_seed2024,logmel_baseline,6,2024,0.9016319869441045,0.879862700228833
cv10_fold6_logmel_seed3407,logmel_baseline,6,3407,0.9162393162393163,0.8784722222222222
cv10_fold6_logmel_seed42,logmel_baseline,6,42,0.9162393162393163,0.8913168487636574
cv10_fold7_logmel_seed2024,logmel_baseline,7,2024,0.8923076923076922,0.9523809523809523
cv10_fold7_logmel_seed3407,logmel_baseline,7,3407,0.9523809523809523,0.9523809523809523
cv10_fold7_logmel_seed42,logmel_baseline,7,42,0.889795918367347,0.9519450800915332
cv10_fold8_logmel_seed2024,logmel_baseline,8,2024,0.9154686601495112,0.9166193987521271
cv10_fold8_logmel_seed3407,logmel_baseline,8,3407,0.928409090909091,0.9279176201372997
cv10_fold8_logmel_seed42,logmel_baseline,8,42,0.9038901601830664,0.9045454545454545
cv10_fold9_logmel_seed2024,logmel_baseline,9,2024,0.9285714285714286,0.9642654566080544
cv10_fold9_logmel_seed3407,logmel_baseline,9,3407,0.9279839559192934,0.9517441860465116
cv10_fold9_logmel_seed42,logmel_baseline,9,42,0.9162393162393163,0.9401709401709402
cv10_pretrain_no_feeding_fold0_logmel_seed2024,logmel_pretrain,0,2024,0.928409090909091,0.9761363636363636
cv10_pretrain_no_feeding_fold0_logmel_seed3407,logmel_pretrain,0,3407,0.9157888339680739,0.9641025641025642
cv10_pretrain_no_feeding_fold0_logmel_seed42,logmel_pretrain,0,42,0.9157888339680739,0.9641025641025642
cv10_pretrain_no_feeding_fold1_logmel_seed2024,logmel_pretrain,1,2024,0.9401709401709402,0.9404424276800907
cv10_pretrain_no_feeding_fold1_logmel_seed3407,logmel_pretrain,1,3407,0.8764705882352941,0.9404424276800907
cv10_pretrain_no_feeding_fold1_logmel_seed42,logmel_pretrain,1,42,0.9154686601495112,0.9404424276800907
cv10_pretrain_no_feeding_fold2_logmel_seed2024,logmel_pretrain,2,2024,0.8933693244739755,0.928409090909091
cv10_pretrain_no_feeding_fold2_logmel_seed3407,logmel_pretrain,2,3407,0.8442363530778165,0.9285714285714286
cv10_pretrain_no_feeding_fold2_logmel_seed42,logmel_pretrain,2,42,0.8830627705627705,0.9401709401709402
cv10_pretrain_no_feeding_fold3_logmel_seed2024,logmel_pretrain,3,2024,0.9761904761904763,0.9404424276800907
cv10_pretrain_no_feeding_fold3_logmel_seed3407,logmel_pretrain,3,3407,0.9038901601830664,0.9522727272727273
cv10_pretrain_no_feeding_fold3_logmel_seed42,logmel_pretrain,3,42,0.9522727272727273,0.9401709401709402
cv10_pretrain_no_feeding_fold4_logmel_seed2024,logmel_pretrain,4,2024,0.9285714285714286,0.9285714285714286
cv10_pretrain_no_feeding_fold4_logmel_seed3407,logmel_pretrain,4,3407,0.9523809523809523,0.9166193987521271
cv10_pretrain_no_feeding_fold4_logmel_seed42,logmel_pretrain,4,42,0.9404424276800907,0.9401709401709402
cv10_pretrain_no_feeding_fold5_logmel_seed2024,logmel_pretrain,5,2024,0.9523809523809523,0.9404424276800907
cv10_pretrain_no_feeding_fold5_logmel_seed3407,logmel_pretrain,5,3407,0.9285714285714286,0.9523809523809523
cv10_pretrain_no_feeding_fold5_logmel_seed42,logmel_pretrain,5,42,0.928409090909091,0.9401709401709402
cv10_pretrain_no_feeding_fold6_logmel_seed2024,logmel_pretrain,6,2024,0.928409090909091,0.8923076923076922
cv10_pretrain_no_feeding_fold6_logmel_seed3407,logmel_pretrain,6,3407,0.9146948013227083,0.8809523809523809
cv10_pretrain_no_feeding_fold6_logmel_seed42,logmel_pretrain,6,42,0.9154686601495112,0.8913168487636574
cv10_pretrain_no_feeding_fold7_logmel_seed2024,logmel_pretrain,7,2024,0.9027777777777778,0.9404424276800907
cv10_pretrain_no_feeding_fold7_logmel_seed3407,logmel_pretrain,7,3407,0.8683760683760684,0.9642654566080544
cv10_pretrain_no_feeding_fold7_logmel_seed42,logmel_pretrain,7,42,0.9279176201372997,0.9523809523809523
cv10_pretrain_no_feeding_fold8_logmel_seed2024,logmel_pretrain,8,2024,0.9279176201372997,0.9166193987521271
cv10_pretrain_no_feeding_fold8_logmel_seed3407,logmel_pretrain,8,3407,0.9154686601495112,0.9279176201372997
cv10_pretrain_no_feeding_fold8_logmel_seed42,logmel_pretrain,8,42,0.9401709401709402,0.9045454545454545
cv10_pretrain_no_feeding_fold9_logmel_seed2024,logmel_pretrain,9,2024,0.928409090909091,0.9642654566080544
cv10_pretrain_no_feeding_fold9_logmel_seed3407,logmel_pretrain,9,3407,0.928409090909091,0.9642654566080544
cv10_pretrain_no_feeding_fold9_logmel_seed42,logmel_pretrain,9,42,0.928409090909091,0.9642654566080544
