noise_environment,snr_db,method,n,mean_macro_f1,std_macro_f1,mean_top1_acc,mean_top2_acc,mean_ece,mean_brier,mean_nll,mean_aurc,mean_frozen_threshold_coverage,mean_frozen_threshold_selective_risk,mean_macro_f1_degradation_vs_clean,condition_family
DWASHING,0.0,fused,15,0.6217659435830409,0.02182521722932395,0.690873015873016,0.7674603174603175,0.278117409206572,0.5841350873311361,3.024046540260315,0.2143499068801418,0.9194444444444444,0.30245128864227694,0.33252329672402536,
DWASHING,0.0,hierarchical,15,0.6201859736679711,0.020757382674636206,0.6884920634920634,0.7579365079365079,0.27956852740238586,0.5898145119349162,4.702613131205241,0.2346064309269792,0.9230158730158731,0.3053823813413951,0.3353132277867683,
DWASHING,0.0,prototype,15,0.624549468209011,0.02340858995408374,0.6936507936507936,0.7567460317460317,0.27553275551587814,0.580897843837738,4.503697379430135,0.2334310321821508,0.9265873015873016,0.3002994787695405,0.3277833640559156,
DWASHING,0.0,raw_softmax,15,0.6164581800103407,0.020861251564999173,0.6857142857142857,0.7714285714285715,0.2660198562911578,0.5791873017946879,1.930928603808085,0.20899566537566358,0.9202380952380954,0.3047964841796186,0.33378550931273016,
DWASHING,10.0,fused,15,0.6407091114071412,0.04684886080284717,0.7087301587301585,0.7916666666666666,0.2587954835286217,0.5496961176395416,2.5445348978042603,0.18016498883356505,0.9190476190476191,0.2846317602028486,0.31358012889992504,
DWASHING,10.0,hierarchical,15,0.6468175897986941,0.04809509967312704,0.7126984126984126,0.7789682539682539,0.26085127038615086,0.550828339656194,4.170767243703207,0.2207283683217896,0.9194444444444443,0.28409399220887255,0.30868161165604546,
DWASHING,10.0,prototype,15,0.6441304083761188,0.04388414537002216,0.7095238095238093,0.7781746031746032,0.2572118163818405,0.5455809156099956,3.959439484278361,0.21691984561856156,0.9277777777777778,0.2802508786379376,0.3082024238888079,
DWASHING,10.0,raw_softmax,15,0.6358002031436905,0.04477225373795919,0.7035714285714284,0.7944444444444445,0.24548673214656966,0.5420283555984498,1.6627962946891786,0.16758329534389044,0.9218253968253969,0.28507633802202975,0.31444348617938017,
DWASHING,20.0,fused,15,0.7548263628507537,0.05637521393664737,0.7781746031746033,0.8678571428571428,0.19221324543394733,0.41012517313162483,1.5536985198656719,0.10615823596293968,0.9063492063492063,0.20773862064438797,0.1994628774563124,
DWASHING,20.0,hierarchical,15,0.7617052216493224,0.057481863545199144,0.7829365079365079,0.8531746031746033,0.18990536847757913,0.4066843022902807,2.6074949900309243,0.1362226502244404,0.9214285714285715,0.20309232689361828,0.1937939798054171,
DWASHING,20.0,prototype,15,0.7619928020102874,0.054908373142433894,0.7829365079365079,0.8527777777777779,0.18491089346389922,0.4024176170428594,2.459156131744385,0.13176152989229248,0.9226190476190477,0.20282171436281515,0.1903400302546392,
DWASHING,20.0,raw_softmax,15,0.7492047627971308,0.055736234253446905,0.7726190476190476,0.8706349206349205,0.17333336778812938,0.4045573870340983,1.0751939276854197,0.09980216318070925,0.9063492063492063,0.20963027140143045,0.20103892652593985,
STRAFFIC,0.0,fused,15,0.46032663108790983,0.05828584067093852,0.5531746031746033,0.6912698412698411,0.4011568887602715,0.8193207383155823,4.076504961649577,0.230447568398443,0.9031746031746032,0.41719702208410997,0.49396260921915647,
STRAFFIC,0.0,hierarchical,15,0.45197249735929174,0.06275267439917204,0.5492063492063491,0.7027777777777777,0.40763574546528236,0.8299817363421123,5.500065008799235,0.22426550604087084,0.8972222222222223,0.4211568649817489,0.503526704095448,
STRAFFIC,0.0,prototype,15,0.4653310686215374,0.06261225119393164,0.5587301587301586,0.7047619047619046,0.39091197700491026,0.8067865292231242,5.130179484685262,0.22044464368847594,0.8972222222222221,0.4114608046032528,0.4870017636433894,
STRAFFIC,0.0,raw_softmax,15,0.4557103829717111,0.059126920639525335,0.55,0.6861111111111111,0.3841157660479583,0.7998692830403645,2.693823003768921,0.24448002214688996,0.9047619047619048,0.4215525224005884,0.4945333063513596,
STRAFFIC,10.0,fused,15,0.5914409073694711,0.03271781405400244,0.6603174603174603,0.7507936507936507,0.302824156021788,0.6287867387135824,3.4857734362284343,0.21461359701267416,0.915079365079365,0.3305451390085109,0.36284833293759505,
STRAFFIC,10.0,hierarchical,15,0.5856635498873398,0.025134512960069973,0.6531746031746032,0.7492063492063491,0.30619140036758924,0.6381364504496256,5.280349206924439,0.22234343211240895,0.9134920634920635,0.33398440548896974,0.36983565156739967,
STRAFFIC,10.0,prototype,15,0.6000715175225841,0.017260137519540038,0.6686507936507937,0.7496031746031746,0.29500323347156004,0.6203393538792928,5.016464980443319,0.22216948179455584,0.9202380952380953,0.32454992873542593,0.3522613147423426,
STRAFFIC,10.0,raw_softmax,15,0.5886647486682114,0.03718001283740176,0.6579365079365079,0.7507936507936507,0.28835758792739064,0.6229268908500671,2.200839082400004,0.21524067515858394,0.9246031746031746,0.3367418802652265,0.36157894065485946,
STRAFFIC,20.0,fused,15,0.6216161536842154,0.013768334353490286,0.6948412698412697,0.7531746031746032,0.2766883821951019,0.5793874184290568,3.227431305249532,0.20187430359937464,0.9206349206349205,0.29920808308865626,0.3326730866228508,
STRAFFIC,20.0,hierarchical,15,0.6233786951246121,0.012259905210646547,0.696031746031746,0.7503968253968254,0.2819954804484806,0.5822995265324911,5.12456488609314,0.22540307025312498,0.9214285714285714,0.30063185218599736,0.3321205063301275,
STRAFFIC,20.0,prototype,15,0.6250481825833861,0.011457199995094047,0.6988095238095238,0.7503968253968254,0.27250655884780584,0.5763008236885071,4.903663778305054,0.22593611285797735,0.9289682539682539,0.2971814493068157,0.32728464968154075,
STRAFFIC,20.0,raw_softmax,15,0.616510562390472,0.017298572568631525,0.6888888888888887,0.7535714285714284,0.2613035664080628,0.5731074770291646,1.9953111330668132,0.19116981433712887,0.9214285714285713,0.30076379947232834,0.3337331269325989,
TBUS,0.0,fused,15,0.6021731907690633,0.020293271653393685,0.6722222222222223,0.7583333333333333,0.2855819923773645,0.6031153559684753,3.2127678632736205,0.19273189660639942,0.913888888888889,0.3130305322979273,0.3521160495380028,
TBUS,0.0,hierarchical,15,0.5993150575804996,0.01846122187643565,0.6686507936507937,0.75,0.292895333729093,0.6123002211252848,5.1316344261169435,0.2147470536065333,0.921031746031746,0.31948987543500523,0.35618414387423986,
TBUS,0.0,prototype,15,0.6076181917557153,0.013320668761226891,0.6781746031746033,0.7496031746031746,0.28310993202621976,0.6011949340502422,4.897501802444458,0.215275201213843,0.9222222222222224,0.3144283454693469,0.3447146405092115,
TBUS,0.0,raw_softmax,15,0.5986501645515825,0.02627861552740506,0.6686507936507938,0.7587301587301588,0.26722274997404644,0.5937323013941447,1.9831994851430257,0.18853819819267306,0.919047619047619,0.3171382486416546,0.3515935247714882,
TBUS,10.0,fused,15,0.6252798238081338,0.017766190028274842,0.6976190476190476,0.7634920634920636,0.275541368268785,0.5716092665990193,2.9505669752756756,0.1815008752558635,0.9178571428571427,0.2970868910269195,0.3290094164989323,
TBUS,10.0,hierarchical,15,0.6273233218108385,0.015715360527585275,0.699206349206349,0.7555555555555554,0.27690448011197744,0.5753786524136861,4.90268341700236,0.22289241465180312,0.921031746031746,0.29900489297510996,0.3281758796439009,
TBUS,10.0,prototype,15,0.6257824554988091,0.011547000336745819,0.6980158730158729,0.7551587301587301,0.2703305236403904,0.5707772970199585,4.67873576482137,0.22036813113589002,0.9249999999999999,0.29546005049657775,0.32655037676611764,
TBUS,10.0,raw_softmax,15,0.6221387811599786,0.018899708219161343,0.694047619047619,0.7654761904761904,0.2539529929440173,0.5616487840811412,1.8150798559188843,0.16892624524798686,0.9206349206349207,0.2978877967649155,0.3281049081630922,
TBUS,20.0,fused,15,0.6640730246921703,0.04744911397289773,0.7222222222222221,0.8031746031746033,0.24881205282041002,0.5210877001285553,2.311668316523234,0.146341974736511,0.9166666666666665,0.27029436181621036,0.2902162156148958,
TBUS,20.0,hierarchical,15,0.6704515243966721,0.04809170129739995,0.7261904761904762,0.7924603174603175,0.24864624012557293,0.5231801887353261,3.936409091949463,0.19113926387715616,0.923015873015873,0.26931766606931096,0.2850476770580672,
TBUS,20.0,prototype,15,0.6674344477667696,0.043495810638130204,0.7234126984126984,0.7908730158730158,0.24477095211309102,0.5189506193002065,3.701936213175456,0.18595854273088086,0.926190476190476,0.26621936759134707,0.28489838449815713,
TBUS,20.0,raw_softmax,15,0.6603313236819368,0.04710449132406777,0.7178571428571429,0.803968253968254,0.22818280297612384,0.5090084592501323,1.4748411297798156,0.13370534281577937,0.9158730158730158,0.2685960379730531,0.28991236564113393,
clean,clean,fused,15,0.954289240307066,0.009765697188451602,0.9543650793650792,1.0,0.027334726282528463,0.0720946247378985,0.12191390444835028,0.004766126472532083,0.9242063492063493,0.023403428873973887,0.0,
clean,clean,hierarchical,15,0.9554992014547394,0.010792536013919921,0.9555555555555555,1.0,0.02931161830349573,0.07141313950220744,0.12827253739039104,0.004702624215611667,0.9285714285714287,0.022386695928644722,0.0,
clean,clean,prototype,15,0.9523328322649266,0.01275378419840185,0.9523809523809523,1.0,0.02545640277011055,0.07023275742928187,0.11769685844580333,0.004604761478578477,0.9277777777777777,0.021588755512985093,0.0,
clean,clean,raw_softmax,15,0.9502436893230706,0.013217625824735258,0.9503968253968254,1.0,0.0309443235397339,0.07691886723041534,0.1281961664557457,0.00535180263426974,0.9277777777777778,0.025433294682014,0.0,
ALL_NOISY,GROUP,fused,15,0.620245683250211,0.022981799623580546,0.6864638447971783,0.7719135802469135,0.2799701087347624,0.5852515106951749,2.931888090681147,0.18535370525399025,0.9146825396825398,0.3024648554235387,,all_noisy
ALL_NOISY,GROUP,hierarchical,15,0.6207570479194712,0.02344925721099016,0.6862874779541447,0.7656084656084657,0.28273264961267913,0.5898448810533241,4.5951757113138845,0.2102609100016785,0.9179012345679013,0.3040171397311143,,all_noisy
ALL_NOISY,GROUP,prototype,15,0.6246620602604689,0.02274465892445232,0.6902116402116402,0.7653439153439153,0.274920960273955,0.5803606592946582,4.361197224369756,0.20802939123495864,0.9218694885361552,0.2991857797747844,,all_noisy
ALL_NOISY,GROUP,raw_softmax,15,0.6159410121527839,0.02508100972320153,0.6821428571428572,0.772795414462081,0.2631083802781618,0.5762295822302499,1.8702236129177938,0.17982682464436725,0.9171957671957672,0.30468704212453834,,all_noisy
MODERATE_NOISE,GROUP,fused,15,0.6496575639686475,0.0258266758326042,0.7103174603174603,0.7883597883597883,0.259145781378109,0.5434487357735633,2.678945575157802,0.1717756625668213,0.9159391534391533,0.28158414263125564,,moderate_noise
MODERATE_NOISE,GROUP,hierarchical,15,0.6525566504445799,0.027055083744567384,0.7117063492063491,0.7799603174603174,0.260749039986225,0.5460845766796005,4.337044805950589,0.20312153324012053,0.9199735449735449,0.28168752263697977,,moderate_noise
MODERATE_NOISE,GROUP,prototype,15,0.6540766356263258,0.02486150597784751,0.713558201058201,0.7794973544973546,0.2541223296530978,0.53906110442347,4.11989939212799,0.200518940671693,0.9251322751322751,0.27774723152181985,,moderate_noise
MODERATE_NOISE,GROUP,raw_softmax,15,0.6454417303069032,0.02730609014924268,0.705820105820106,0.7898148148148149,0.2417695083650489,0.5355462256405089,1.7040102372566859,0.1627379226806798,0.9184523809523809,0.28311602064983066,,moderate_noise
EXTREME_STRESS,GROUP,fused,15,0.5614219218133379,0.02667887018803284,0.6387566137566137,0.7390211640211639,0.32161876344806933,0.668857060538398,3.4377731217278376,0.2125097906283281,0.9121693121693123,0.34422628100810476,,extreme simulated-noise stress condition
EXTREME_STRESS,GROUP,hierarchical,15,0.5571578428692542,0.026775768976546196,0.6354497354497355,0.7369047619047618,0.3266998688655871,0.677365489800771,5.1114375220404735,0.2245396635247944,0.9137566137566139,0.34867637391938305,,extreme simulated-noise stress condition
EXTREME_STRESS,GROUP,prototype,15,0.5658329095287545,0.02580300581228054,0.6435185185185186,0.7370370370370369,0.3165182215156694,0.6629597690370349,4.843792888853285,0.2230502923614899,0.9153439153439155,0.3420628762807134,,extreme simulated-noise stress condition
EXTREME_STRESS,GROUP,raw_softmax,15,0.5569395758445448,0.029653490496291787,0.6347883597883599,0.7387566137566137,0.30578612410438755,0.6575962954097324,2.2026503642400104,0.21400462857174224,0.9146825396825395,0.3478290850739538,,extreme simulated-noise stress condition
