audio_path,png_path,raw_duration_s,used_full_clip,frames,mel_bins
C:\py\pigsound\pig-sound-classification\det_round1_clips\uncertain\ALA_000347_oldv1_rank001_p0.914_src232.10-233.10_clip232.10-233.10.wav,C:\py\pigsound\pig-sound-classification\reports\groupmeet_20260409\logmel\uncertain\0001__ALA_000347_oldv1_rank001_p0.914_src232.10-233.10_clip232.10-233.10.png,1.0,False,97,64
C:\py\pigsound\pig-sound-classification\det_round1_clips\uncertain\ALA_000347_oldv1_rank001_p0.933_src319.40-320.40_clip319.40-320.40.wav,C:\py\pigsound\pig-sound-classification\reports\groupmeet_20260409\logmel\uncertain\0002__ALA_000347_oldv1_rank001_p0.933_src319.40-320.40_clip319.40-320.40.png,1.0,False,97,64
C:\py\pigsound\pig-sound-classification\det_round1_clips\uncertain\ALA_000347_oldv1_rank001_p0.965_src100.70-101.70_clip100.70-101.70.wav,C:\py\pigsound\pig-sound-classification\reports\groupmeet_20260409\logmel\uncertain\0003__ALA_000347_oldv1_rank001_p0.965_src100.70-101.70_clip100.70-101.70.png,1.0,False,97,64
C:\py\pigsound\pig-sound-classification\det_round1_clips\uncertain\ALA_000347_oldv1_rank002_p0.916_src246.20-247.20_clip246.20-247.20.wav,C:\py\pigsound\pig-sound-classification\reports\groupmeet_20260409\logmel\uncertain\0004__ALA_000347_oldv1_rank002_p0.916_src246.20-247.20_clip246.20-247.20.png,1.0,False,97,64
C:\py\pigsound\pig-sound-classification\det_round1_clips\uncertain\ALA_000347_oldv1_rank002_p0.964_src104.30-105.30_clip104.30-105.30.wav,C:\py\pigsound\pig-sound-classification\reports\groupmeet_20260409\logmel\uncertain\0005__ALA_000347_oldv1_rank002_p0.964_src104.30-105.30_clip104.30-105.30.png,1.0,False,97,64
C:\py\pigsound\pig-sound-classification\det_round1_clips\uncertain\ALA_000347_oldv1_rank003_p0.913_src344.40-345.40_clip344.40-345.40.wav,C:\py\pigsound\pig-sound-classification\reports\groupmeet_20260409\logmel\uncertain\0006__ALA_000347_oldv1_rank003_p0.913_src344.40-345.40_clip344.40-345.40.png,1.0,False,97,64
C:\py\pigsound\pig-sound-classification\det_round1_clips\uncertain\ALA_000347_oldv1_rank003_p0.961_src271.50-272.50_clip271.50-272.50.wav,C:\py\pigsound\pig-sound-classification\reports\groupmeet_20260409\logmel\uncertain\0007__ALA_000347_oldv1_rank003_p0.961_src271.50-272.50_clip271.50-272.50.png,1.0,False,97,64
C:\py\pigsound\pig-sound-classification\det_round1_clips\uncertain\ALA_000347_oldv1_rank004_p0.894_src351.70-352.70_clip351.70-352.70.wav,C:\py\pigsound\pig-sound-classification\reports\groupmeet_20260409\logmel\uncertain\0008__ALA_000347_oldv1_rank004_p0.894_src351.70-352.70_clip351.70-352.70.png,1.0,False,97,64
C:\py\pigsound\pig-sound-classification\det_round1_clips\uncertain\ALA_000347_oldv1_rank004_p0.908_src348.30-349.30_clip348.30-349.30.wav,C:\py\pigsound\pig-sound-classification\reports\groupmeet_20260409\logmel\uncertain\0009__ALA_000347_oldv1_rank004_p0.908_src348.30-349.30_clip348.30-349.30.png,1.0,False,97,64
C:\py\pigsound\pig-sound-classification\det_round1_clips\uncertain\ALA_000347_oldv1_rank005_p0.888_src231.10-232.10_clip231.10-232.10.wav,C:\py\pigsound\pig-sound-classification\reports\groupmeet_20260409\logmel\uncertain\0010__ALA_000347_oldv1_rank005_p0.888_src231.10-232.10_clip231.10-232.10.png,1.0,False,97,64
C:\py\pigsound\pig-sound-classification\det_round1_clips\uncertain\ALA_000347_oldv1_rank006_p0.885_src193.80-194.80_clip193.80-194.80.wav,C:\py\pigsound\pig-sound-classification\reports\groupmeet_20260409\logmel\uncertain\0011__ALA_000347_oldv1_rank006_p0.885_src193.80-194.80_clip193.80-194.80.png,1.0,False,97,64
C:\py\pigsound\pig-sound-classification\det_round1_clips\uncertain\ALA_000347_oldv1_rank006_p0.892_src134.50-135.50_clip134.50-135.50.wav,C:\py\pigsound\pig-sound-classification\reports\groupmeet_20260409\logmel\uncertain\0012__ALA_000347_oldv1_rank006_p0.892_src134.50-135.50_clip134.50-135.50.png,1.0,False,97,64
C:\py\pigsound\pig-sound-classification\det_round1_clips\uncertain\ALA_000347_oldv1_rank007_p0.891_src189.40-190.40_clip189.40-190.40.wav,C:\py\pigsound\pig-sound-classification\reports\groupmeet_20260409\logmel\uncertain\0013__ALA_000347_oldv1_rank007_p0.891_src189.40-190.40_clip189.40-190.40.png,1.0,False,97,64
C:\py\pigsound\pig-sound-classification\det_round1_clips\uncertain\ALA_000347_oldv1_rank008_p0.878_src233.20-234.20_clip233.20-234.20.wav,C:\py\pigsound\pig-sound-classification\reports\groupmeet_20260409\logmel\uncertain\0014__ALA_000347_oldv1_rank008_p0.878_src233.20-234.20_clip233.20-234.20.png,1.0,False,97,64
C:\py\pigsound\pig-sound-classification\det_round1_clips\uncertain\ALA_000347_oldv1_rank008_p0.890_src327.30-328.30_clip327.30-328.30.wav,C:\py\pigsound\pig-sound-classification\reports\groupmeet_20260409\logmel\uncertain\0015__ALA_000347_oldv1_rank008_p0.890_src327.30-328.30_clip327.30-328.30.png,1.0,False,97,64
C:\py\pigsound\pig-sound-classification\det_round1_clips\uncertain\ALA_000347_oldv1_rank009_p0.875_src195.60-196.60_clip195.60-196.60.wav,C:\py\pigsound\pig-sound-classification\reports\groupmeet_20260409\logmel\uncertain\0016__ALA_000347_oldv1_rank009_p0.875_src195.60-196.60_clip195.60-196.60.png,1.0,False,97,64
C:\py\pigsound\pig-sound-classification\det_round1_clips\uncertain\ALA_000347_oldv1_rank009_p0.888_src172.80-173.80_clip172.80-173.80.wav,C:\py\pigsound\pig-sound-classification\reports\groupmeet_20260409\logmel\uncertain\0017__ALA_000347_oldv1_rank009_p0.888_src172.80-173.80_clip172.80-173.80.png,1.0,False,97,64
C:\py\pigsound\pig-sound-classification\det_round1_clips\uncertain\ALA_000347_oldv1_rank010_p0.863_src298.80-299.80_clip298.80-299.80.wav,C:\py\pigsound\pig-sound-classification\reports\groupmeet_20260409\logmel\uncertain\0018__ALA_000347_oldv1_rank010_p0.863_src298.80-299.80_clip298.80-299.80.png,1.0,False,97,64
C:\py\pigsound\pig-sound-classification\det_round1_clips\uncertain\ALA_000347_oldv1_rank011_p0.875_src19.80-20.80_clip19.80-20.80.wav,C:\py\pigsound\pig-sound-classification\reports\groupmeet_20260409\logmel\uncertain\0019__ALA_000347_oldv1_rank011_p0.875_src19.80-20.80_clip19.80-20.80.png,1.0,False,97,64
C:\py\pigsound\pig-sound-classification\det_round1_clips\uncertain\ALA_000347_oldv1_rank012_p0.871_src318.10-319.10_clip318.10-319.10.wav,C:\py\pigsound\pig-sound-classification\reports\groupmeet_20260409\logmel\uncertain\0020__ALA_000347_oldv1_rank012_p0.871_src318.10-319.10_clip318.10-319.10.png,1.0,False,97,64
C:\py\pigsound\pig-sound-classification\det_round1_clips\uncertain\ALA_000347_oldv1_rank014_p0.794_src256.30-257.30_clip256.30-257.30.wav,C:\py\pigsound\pig-sound-classification\reports\groupmeet_20260409\logmel\uncertain\0021__ALA_000347_oldv1_rank014_p0.794_src256.30-257.30_clip256.30-257.30.png,1.0,False,97,64
C:\py\pigsound\pig-sound-classification\det_round1_clips\uncertain\ALA_000347_oldv1_rank017_p0.783_src267.40-268.40_clip267.40-268.40.wav,C:\py\pigsound\pig-sound-classification\reports\groupmeet_20260409\logmel\uncertain\0022__ALA_000347_oldv1_rank017_p0.783_src267.40-268.40_clip267.40-268.40.png,1.0,False,97,64
C:\py\pigsound\pig-sound-classification\det_round1_clips\uncertain\ALA_000347_oldv1_rank021_p0.753_src320.50-321.50_clip320.50-321.50.wav,C:\py\pigsound\pig-sound-classification\reports\groupmeet_20260409\logmel\uncertain\0023__ALA_000347_oldv1_rank021_p0.753_src320.50-321.50_clip320.50-321.50.png,1.0,False,97,64
C:\py\pigsound\pig-sound-classification\det_round1_clips\uncertain\ALA_000347_oldv1_rank022_p0.741_src196.30-197.30_clip196.30-197.30.wav,C:\py\pigsound\pig-sound-classification\reports\groupmeet_20260409\logmel\uncertain\0024__ALA_000347_oldv1_rank022_p0.741_src196.30-197.30_clip196.30-197.30.png,1.0,False,97,64
