rank,source_wav,frame_csv,source_start_s,source_end_s,center_s,clip_start_s,clip_end_s,prob_cough,out_wav
1,C:\py\pigsound\pig-sound-classification\data\external\aswine\data\audio\ALA_E_2_2020-09-30_14-58-48_774.wav,C:\py\pigsound\pig-sound-classification\det_ALA_000347_frames.csv,203.8,204.8,204.3,203.8,204.8,0.9258021116256714,C:\py\pigsound\pig-sound-classification\det_round2_clips\ALA_000347_oldv1\ALA_000347_oldv1_rank001_p0.926_src203.80-204.80_clip203.80-204.80.wav
2,C:\py\pigsound\pig-sound-classification\data\external\aswine\data\audio\ALA_E_2_2020-09-30_14-58-48_774.wav,C:\py\pigsound\pig-sound-classification\det_ALA_000347_frames.csv,200.5,201.5,201.0,200.5,201.5,0.9155740141868592,C:\py\pigsound\pig-sound-classification\det_round2_clips\ALA_000347_oldv1\ALA_000347_oldv1_rank002_p0.916_src200.50-201.50_clip200.50-201.50.wav
3,C:\py\pigsound\pig-sound-classification\data\external\aswine\data\audio\ALA_E_2_2020-09-30_14-58-48_774.wav,C:\py\pigsound\pig-sound-classification\det_ALA_000347_frames.csv,205.7,206.7,206.2,205.7,206.7,0.9065046310424804,C:\py\pigsound\pig-sound-classification\det_round2_clips\ALA_000347_oldv1\ALA_000347_oldv1_rank003_p0.907_src205.70-206.70_clip205.70-206.70.wav
4,C:\py\pigsound\pig-sound-classification\data\external\aswine\data\audio\ALA_E_2_2020-09-30_14-58-48_774.wav,C:\py\pigsound\pig-sound-classification\det_ALA_000347_frames.csv,202.6,203.6,203.1,202.6,203.6,0.901642918586731,C:\py\pigsound\pig-sound-classification\det_round2_clips\ALA_000347_oldv1\ALA_000347_oldv1_rank004_p0.902_src202.60-203.60_clip202.60-203.60.wav
5,C:\py\pigsound\pig-sound-classification\data\external\aswine\data\audio\ALA_E_2_2020-09-30_14-58-48_774.wav,C:\py\pigsound\pig-sound-classification\det_ALA_000347_frames.csv,38.3,39.3,38.8,38.3,39.3,0.8995498418807983,C:\py\pigsound\pig-sound-classification\det_round2_clips\ALA_000347_oldv1\ALA_000347_oldv1_rank005_p0.900_src38.30-39.30_clip38.30-39.30.wav
6,C:\py\pigsound\pig-sound-classification\data\external\aswine\data\audio\ALA_E_2_2020-09-30_14-58-48_774.wav,C:\py\pigsound\pig-sound-classification\det_ALA_000347_frames.csv,293.8,294.8,294.3,293.8,294.8,0.8942664265632629,C:\py\pigsound\pig-sound-classification\det_round2_clips\ALA_000347_oldv1\ALA_000347_oldv1_rank006_p0.894_src293.80-294.80_clip293.80-294.80.wav
7,C:\py\pigsound\pig-sound-classification\data\external\aswine\data\audio\ALA_E_2_2020-09-30_14-58-48_774.wav,C:\py\pigsound\pig-sound-classification\det_ALA_000347_frames.csv,204.6,205.6,205.1,204.6,205.6,0.88175368309021,C:\py\pigsound\pig-sound-classification\det_round2_clips\ALA_000347_oldv1\ALA_000347_oldv1_rank007_p0.882_src204.60-205.60_clip204.60-205.60.wav
8,C:\py\pigsound\pig-sound-classification\data\external\aswine\data\audio\ALA_E_2_2020-09-30_14-58-48_774.wav,C:\py\pigsound\pig-sound-classification\det_ALA_000347_frames.csv,96.9,97.9,97.4,96.9,97.9,0.8808606863021851,C:\py\pigsound\pig-sound-classification\det_round2_clips\ALA_000347_oldv1\ALA_000347_oldv1_rank008_p0.881_src96.90-97.90_clip96.90-97.90.wav
9,C:\py\pigsound\pig-sound-classification\data\external\aswine\data\audio\ALA_E_2_2020-09-30_14-58-48_774.wav,C:\py\pigsound\pig-sound-classification\det_ALA_000347_frames.csv,172.2,173.2,172.7,172.2,173.2,0.8776935338973999,C:\py\pigsound\pig-sound-classification\det_round2_clips\ALA_000347_oldv1\ALA_000347_oldv1_rank009_p0.878_src172.20-173.20_clip172.20-173.20.wav
10,C:\py\pigsound\pig-sound-classification\data\external\aswine\data\audio\ALA_E_2_2020-09-30_14-58-48_774.wav,C:\py\pigsound\pig-sound-classification\det_ALA_000347_frames.csv,294.6,295.6,295.1,294.6,295.6,0.8773074150085449,C:\py\pigsound\pig-sound-classification\det_round2_clips\ALA_000347_oldv1\ALA_000347_oldv1_rank010_p0.877_src294.60-295.60_clip294.60-295.60.wav
11,C:\py\pigsound\pig-sound-classification\data\external\aswine\data\audio\ALA_E_2_2020-09-30_14-58-48_774.wav,C:\py\pigsound\pig-sound-classification\det_ALA_000347_frames.csv,39.1,40.1,39.6,39.1,40.1,0.877006471157074,C:\py\pigsound\pig-sound-classification\det_round2_clips\ALA_000347_oldv1\ALA_000347_oldv1_rank011_p0.877_src39.10-40.10_clip39.10-40.10.wav
12,C:\py\pigsound\pig-sound-classification\data\external\aswine\data\audio\ALA_E_2_2020-09-30_14-58-48_774.wav,C:\py\pigsound\pig-sound-classification\det_ALA_000347_frames.csv,5.1,6.1,5.6,5.1,6.1,0.8731787204742432,C:\py\pigsound\pig-sound-classification\det_round2_clips\ALA_000347_oldv1\ALA_000347_oldv1_rank012_p0.873_src5.10-6.10_clip5.10-6.10.wav
13,C:\py\pigsound\pig-sound-classification\data\external\aswine\data\audio\ALA_E_2_2020-09-30_14-58-48_774.wav,C:\py\pigsound\pig-sound-classification\det_ALA_000347_frames.csv,1.7,2.7,2.2,1.7000000000000002,2.7,0.8725951313972473,C:\py\pigsound\pig-sound-classification\det_round2_clips\ALA_000347_oldv1\ALA_000347_oldv1_rank013_p0.873_src1.70-2.70_clip1.70-2.70.wav
14,C:\py\pigsound\pig-sound-classification\data\external\aswine\data\audio\ALA_E_2_2020-09-30_14-58-48_774.wav,C:\py\pigsound\pig-sound-classification\det_ALA_000347_frames.csv,157.5,158.5,158.0,157.5,158.5,0.8596539497375488,C:\py\pigsound\pig-sound-classification\det_round2_clips\ALA_000347_oldv1\ALA_000347_oldv1_rank014_p0.860_src157.50-158.50_clip157.50-158.50.wav
15,C:\py\pigsound\pig-sound-classification\data\external\aswine\data\audio\ALA_E_2_2020-09-30_14-58-48_774.wav,C:\py\pigsound\pig-sound-classification\det_ALA_000347_frames.csv,276.1,277.1,276.6,276.1,277.1,0.8506839275360107,C:\py\pigsound\pig-sound-classification\det_round2_clips\ALA_000347_oldv1\ALA_000347_oldv1_rank015_p0.851_src276.10-277.10_clip276.10-277.10.wav
16,C:\py\pigsound\pig-sound-classification\data\external\aswine\data\audio\ALA_E_2_2020-09-30_14-58-48_774.wav,C:\py\pigsound\pig-sound-classification\det_ALA_000347_frames.csv,287.0,288.0,287.5,287.0,288.0,0.8373353481292725,C:\py\pigsound\pig-sound-classification\det_round2_clips\ALA_000347_oldv1\ALA_000347_oldv1_rank016_p0.837_src287.00-288.00_clip287.00-288.00.wav
17,C:\py\pigsound\pig-sound-classification\data\external\aswine\data\audio\ALA_E_2_2020-09-30_14-58-48_774.wav,C:\py\pigsound\pig-sound-classification\det_ALA_000347_frames.csv,206.3,207.3,206.8,206.3,207.3,0.8373299241065979,C:\py\pigsound\pig-sound-classification\det_round2_clips\ALA_000347_oldv1\ALA_000347_oldv1_rank017_p0.837_src206.30-207.30_clip206.30-207.30.wav
18,C:\py\pigsound\pig-sound-classification\data\external\aswine\data\audio\ALA_E_2_2020-09-30_14-58-48_774.wav,C:\py\pigsound\pig-sound-classification\det_ALA_000347_frames.csv,158.5,159.5,159.0,158.5,159.5,0.8350215554237366,C:\py\pigsound\pig-sound-classification\det_round2_clips\ALA_000347_oldv1\ALA_000347_oldv1_rank018_p0.835_src158.50-159.50_clip158.50-159.50.wav
19,C:\py\pigsound\pig-sound-classification\data\external\aswine\data\audio\ALA_E_2_2020-09-30_14-58-48_774.wav,C:\py\pigsound\pig-sound-classification\det_ALA_000347_frames.csv,18.1,19.1,18.6,18.1,19.1,0.8339669108390808,C:\py\pigsound\pig-sound-classification\det_round2_clips\ALA_000347_oldv1\ALA_000347_oldv1_rank019_p0.834_src18.10-19.10_clip18.10-19.10.wav
20,C:\py\pigsound\pig-sound-classification\data\external\aswine\data\audio\ALA_E_2_2020-09-30_14-58-48_774.wav,C:\py\pigsound\pig-sound-classification\det_ALA_000347_frames.csv,159.5,160.5,160.0,159.5,160.5,0.8314489126205444,C:\py\pigsound\pig-sound-classification\det_round2_clips\ALA_000347_oldv1\ALA_000347_oldv1_rank020_p0.831_src159.50-160.50_clip159.50-160.50.wav
21,C:\py\pigsound\pig-sound-classification\data\external\aswine\data\audio\ALA_E_2_2020-09-30_14-58-48_774.wav,C:\py\pigsound\pig-sound-classification\det_ALA_000347_frames.csv,306.8,307.8,307.3,306.8,307.8,0.8250371217727661,C:\py\pigsound\pig-sound-classification\det_round2_clips\ALA_000347_oldv1\ALA_000347_oldv1_rank021_p0.825_src306.80-307.80_clip306.80-307.80.wav
22,C:\py\pigsound\pig-sound-classification\data\external\aswine\data\audio\ALA_E_2_2020-09-30_14-58-48_774.wav,C:\py\pigsound\pig-sound-classification\det_ALA_000347_frames.csv,277.0,278.0,277.5,277.0,278.0,0.817294180393219,C:\py\pigsound\pig-sound-classification\det_round2_clips\ALA_000347_oldv1\ALA_000347_oldv1_rank022_p0.817_src277.00-278.00_clip277.00-278.00.wav
23,C:\py\pigsound\pig-sound-classification\data\external\aswine\data\audio\ALA_E_2_2020-09-30_14-58-48_774.wav,C:\py\pigsound\pig-sound-classification\det_ALA_000347_frames.csv,201.2,202.2,201.7,201.2,202.2,0.8143923878669739,C:\py\pigsound\pig-sound-classification\det_round2_clips\ALA_000347_oldv1\ALA_000347_oldv1_rank023_p0.814_src201.20-202.20_clip201.20-202.20.wav
24,C:\py\pigsound\pig-sound-classification\data\external\aswine\data\audio\ALA_E_2_2020-09-30_14-58-48_774.wav,C:\py\pigsound\pig-sound-classification\det_ALA_000347_frames.csv,32.2,33.2,32.7,32.2,33.2,0.8048231601715088,C:\py\pigsound\pig-sound-classification\det_round2_clips\ALA_000347_oldv1\ALA_000347_oldv1_rank024_p0.805_src32.20-33.20_clip32.20-33.20.wav
25,C:\py\pigsound\pig-sound-classification\data\external\aswine\data\audio\ALA_E_2_2020-09-30_14-58-48_774.wav,C:\py\pigsound\pig-sound-classification\det_ALA_000347_frames.csv,7.4,8.4,7.9,7.4,8.4,0.8030276894569397,C:\py\pigsound\pig-sound-classification\det_round2_clips\ALA_000347_oldv1\ALA_000347_oldv1_rank025_p0.803_src7.40-8.40_clip7.40-8.40.wav
26,C:\py\pigsound\pig-sound-classification\data\external\aswine\data\audio\ALA_E_2_2020-09-30_14-58-48_774.wav,C:\py\pigsound\pig-sound-classification\det_ALA_000347_frames.csv,17.2,18.2,17.7,17.2,18.2,0.7950189709663391,C:\py\pigsound\pig-sound-classification\det_round2_clips\ALA_000347_oldv1\ALA_000347_oldv1_rank026_p0.795_src17.20-18.20_clip17.20-18.20.wav
27,C:\py\pigsound\pig-sound-classification\data\external\aswine\data\audio\ALA_E_2_2020-09-30_14-58-48_774.wav,C:\py\pigsound\pig-sound-classification\det_ALA_000347_frames.csv,10.1,11.1,10.6,10.1,11.1,0.7930022478103638,C:\py\pigsound\pig-sound-classification\det_round2_clips\ALA_000347_oldv1\ALA_000347_oldv1_rank027_p0.793_src10.10-11.10_clip10.10-11.10.wav
28,C:\py\pigsound\pig-sound-classification\data\external\aswine\data\audio\ALA_E_2_2020-09-30_14-58-48_774.wav,C:\py\pigsound\pig-sound-classification\det_ALA_000347_frames.csv,0.0,1.0,0.5,0.0,1.0,0.7880947589874268,C:\py\pigsound\pig-sound-classification\det_round2_clips\ALA_000347_oldv1\ALA_000347_oldv1_rank028_p0.788_src0.00-1.00_clip0.00-1.00.wav
29,C:\py\pigsound\pig-sound-classification\data\external\aswine\data\audio\ALA_E_2_2020-09-30_14-58-48_774.wav,C:\py\pigsound\pig-sound-classification\det_ALA_000347_frames.csv,334.4,335.4,334.9,334.4,335.4,0.7824354767799377,C:\py\pigsound\pig-sound-classification\det_round2_clips\ALA_000347_oldv1\ALA_000347_oldv1_rank029_p0.782_src334.40-335.40_clip334.40-335.40.wav
30,C:\py\pigsound\pig-sound-classification\data\external\aswine\data\audio\ALA_E_2_2020-09-30_14-58-48_774.wav,C:\py\pigsound\pig-sound-classification\det_ALA_000347_frames.csv,9.1,10.1,9.6,9.1,10.1,0.7740541696548462,C:\py\pigsound\pig-sound-classification\det_round2_clips\ALA_000347_oldv1\ALA_000347_oldv1_rank030_p0.774_src9.10-10.10_clip9.10-10.10.wav
31,C:\py\pigsound\pig-sound-classification\data\external\aswine\data\audio\ALA_E_2_2020-09-30_14-58-48_774.wav,C:\py\pigsound\pig-sound-classification\det_ALA_000347_frames.csv,186.7,187.7,187.2,186.7,187.7,0.7655916810035706,C:\py\pigsound\pig-sound-classification\det_round2_clips\ALA_000347_oldv1\ALA_000347_oldv1_rank031_p0.766_src186.70-187.70_clip186.70-187.70.wav
32,C:\py\pigsound\pig-sound-classification\data\external\aswine\data\audio\ALA_E_2_2020-09-30_14-58-48_774.wav,C:\py\pigsound\pig-sound-classification\det_ALA_000347_frames.csv,19.0,20.0,19.5,19.0,20.0,0.7600796222686768,C:\py\pigsound\pig-sound-classification\det_round2_clips\ALA_000347_oldv1\ALA_000347_oldv1_rank032_p0.760_src19.00-20.00_clip19.00-20.00.wav
33,C:\py\pigsound\pig-sound-classification\data\external\aswine\data\audio\ALA_E_2_2020-09-30_14-58-48_774.wav,C:\py\pigsound\pig-sound-classification\det_ALA_000347_frames.csv,185.8,186.8,186.3,185.8,186.8,0.7597780823707581,C:\py\pigsound\pig-sound-classification\det_round2_clips\ALA_000347_oldv1\ALA_000347_oldv1_rank033_p0.760_src185.80-186.80_clip185.80-186.80.wav
34,C:\py\pigsound\pig-sound-classification\data\external\aswine\data\audio\ALA_E_2_2020-09-30_14-58-48_774.wav,C:\py\pigsound\pig-sound-classification\det_ALA_000347_frames.csv,231.0,232.0,231.5,231.0,232.0,0.7574492692947388,C:\py\pigsound\pig-sound-classification\det_round2_clips\ALA_000347_oldv1\ALA_000347_oldv1_rank034_p0.757_src231.00-232.00_clip231.00-232.00.wav
35,C:\py\pigsound\pig-sound-classification\data\external\aswine\data\audio\ALA_E_2_2020-09-30_14-58-48_774.wav,C:\py\pigsound\pig-sound-classification\det_ALA_000347_frames.csv,169.9,170.9,170.4,169.9,170.9,0.7561013698577881,C:\py\pigsound\pig-sound-classification\det_round2_clips\ALA_000347_oldv1\ALA_000347_oldv1_rank035_p0.756_src169.90-170.90_clip169.90-170.90.wav
36,C:\py\pigsound\pig-sound-classification\data\external\aswine\data\audio\ALA_E_2_2020-09-30_14-58-48_774.wav,C:\py\pigsound\pig-sound-classification\det_ALA_000347_frames.csv,97.7,98.7,98.2,97.7,98.7,0.7515614032745361,C:\py\pigsound\pig-sound-classification\det_round2_clips\ALA_000347_oldv1\ALA_000347_oldv1_rank036_p0.752_src97.70-98.70_clip97.70-98.70.wav
37,C:\py\pigsound\pig-sound-classification\data\external\aswine\data\audio\ALA_E_2_2020-09-30_14-58-48_774.wav,C:\py\pigsound\pig-sound-classification\det_ALA_000347_frames.csv,45.5,46.5,46.0,45.5,46.5,0.7506183981895447,C:\py\pigsound\pig-sound-classification\det_round2_clips\ALA_000347_oldv1\ALA_000347_oldv1_rank037_p0.751_src45.50-46.50_clip45.50-46.50.wav
38,C:\py\pigsound\pig-sound-classification\data\external\aswine\data\audio\ALA_E_2_2020-09-30_14-58-48_774.wav,C:\py\pigsound\pig-sound-classification\det_ALA_000347_frames.csv,172.8,173.8,173.3,172.8,173.8,0.749198317527771,C:\py\pigsound\pig-sound-classification\det_round2_clips\ALA_000347_oldv1\ALA_000347_oldv1_rank038_p0.749_src172.80-173.80_clip172.80-173.80.wav
39,C:\py\pigsound\pig-sound-classification\data\external\aswine\data\audio\ALA_E_2_2020-09-30_14-58-48_774.wav,C:\py\pigsound\pig-sound-classification\det_ALA_000347_frames.csv,98.4,99.4,98.9,98.4,99.4,0.749073326587677,C:\py\pigsound\pig-sound-classification\det_round2_clips\ALA_000347_oldv1\ALA_000347_oldv1_rank039_p0.749_src98.40-99.40_clip98.40-99.40.wav
40,C:\py\pigsound\pig-sound-classification\data\external\aswine\data\audio\ALA_E_2_2020-09-30_14-58-48_774.wav,C:\py\pigsound\pig-sound-classification\det_ALA_000347_frames.csv,39.7,40.7,40.2,39.7,40.7,0.7470760941505432,C:\py\pigsound\pig-sound-classification\det_round2_clips\ALA_000347_oldv1\ALA_000347_oldv1_rank040_p0.747_src39.70-40.70_clip39.70-40.70.wav
41,C:\py\pigsound\pig-sound-classification\data\external\aswine\data\audio\ALA_E_2_2020-09-30_14-58-48_774.wav,C:\py\pigsound\pig-sound-classification\det_ALA_000347_frames.csv,5.7,6.7,6.2,5.7,6.7,0.7395886182785034,C:\py\pigsound\pig-sound-classification\det_round2_clips\ALA_000347_oldv1\ALA_000347_oldv1_rank041_p0.740_src5.70-6.70_clip5.70-6.70.wav
42,C:\py\pigsound\pig-sound-classification\data\external\aswine\data\audio\ALA_E_2_2020-09-30_14-58-48_774.wav,C:\py\pigsound\pig-sound-classification\det_ALA_000347_frames.csv,1.0,2.0,1.5,1.0,2.0,0.73862224817276,C:\py\pigsound\pig-sound-classification\det_round2_clips\ALA_000347_oldv1\ALA_000347_oldv1_rank042_p0.739_src1.00-2.00_clip1.00-2.00.wav
43,C:\py\pigsound\pig-sound-classification\data\external\aswine\data\audio\ALA_E_2_2020-09-30_14-58-48_774.wav,C:\py\pigsound\pig-sound-classification\det_ALA_000347_frames.csv,160.2,161.2,160.7,160.2,161.2,0.7373294234275818,C:\py\pigsound\pig-sound-classification\det_round2_clips\ALA_000347_oldv1\ALA_000347_oldv1_rank043_p0.737_src160.20-161.20_clip160.20-161.20.wav
44,C:\py\pigsound\pig-sound-classification\data\external\aswine\data\audio\ALA_E_2_2020-09-30_14-58-48_774.wav,C:\py\pigsound\pig-sound-classification\det_ALA_000347_frames.csv,2.4,3.4,2.9,2.4,3.4,0.7361164689064026,C:\py\pigsound\pig-sound-classification\det_round2_clips\ALA_000347_oldv1\ALA_000347_oldv1_rank044_p0.736_src2.40-3.40_clip2.40-3.40.wav
45,C:\py\pigsound\pig-sound-classification\data\external\aswine\data\audio\ALA_E_2_2020-09-30_14-58-48_774.wav,C:\py\pigsound\pig-sound-classification\det_ALA_000347_frames.csv,201.9,202.9,202.4,201.9,202.9,0.7351199388504028,C:\py\pigsound\pig-sound-classification\det_round2_clips\ALA_000347_oldv1\ALA_000347_oldv1_rank045_p0.735_src201.90-202.90_clip201.90-202.90.wav
46,C:\py\pigsound\pig-sound-classification\data\external\aswine\data\audio\ALA_E_2_2020-09-30_14-58-48_774.wav,C:\py\pigsound\pig-sound-classification\det_ALA_000347_frames.csv,170.6,171.6,171.1,170.6,171.6,0.7332347631454468,C:\py\pigsound\pig-sound-classification\det_round2_clips\ALA_000347_oldv1\ALA_000347_oldv1_rank046_p0.733_src170.60-171.60_clip170.60-171.60.wav
47,C:\py\pigsound\pig-sound-classification\data\external\aswine\data\audio\ALA_E_2_2020-09-30_14-58-48_774.wav,C:\py\pigsound\pig-sound-classification\det_ALA_000347_frames.csv,191.6,192.6,192.1,191.6,192.6,0.7306700944900513,C:\py\pigsound\pig-sound-classification\det_round2_clips\ALA_000347_oldv1\ALA_000347_oldv1_rank047_p0.731_src191.60-192.60_clip191.60-192.60.wav
48,C:\py\pigsound\pig-sound-classification\data\external\aswine\data\audio\ALA_E_2_2020-09-30_14-58-48_774.wav,C:\py\pigsound\pig-sound-classification\det_ALA_000347_frames.csv,307.7,308.7,308.2,307.7,308.7,0.7303258180618286,C:\py\pigsound\pig-sound-classification\det_round2_clips\ALA_000347_oldv1\ALA_000347_oldv1_rank048_p0.730_src307.70-308.70_clip307.70-308.70.wav
49,C:\py\pigsound\pig-sound-classification\data\external\aswine\data\audio\ALA_E_2_2020-09-30_14-58-48_774.wav,C:\py\pigsound\pig-sound-classification\det_ALA_000347_frames.csv,29.2,30.2,29.7,29.2,30.2,0.7264505624771118,C:\py\pigsound\pig-sound-classification\det_round2_clips\ALA_000347_oldv1\ALA_000347_oldv1_rank049_p0.726_src29.20-30.20_clip29.20-30.20.wav
50,C:\py\pigsound\pig-sound-classification\data\external\aswine\data\audio\ALA_E_2_2020-09-30_14-58-48_774.wav,C:\py\pigsound\pig-sound-classification\det_ALA_000347_frames.csv,41.5,42.5,42.0,41.5,42.5,0.7217484712600708,C:\py\pigsound\pig-sound-classification\det_round2_clips\ALA_000347_oldv1\ALA_000347_oldv1_rank050_p0.722_src41.50-42.50_clip41.50-42.50.wav
51,C:\py\pigsound\pig-sound-classification\data\external\aswine\data\audio\ALA_E_2_2020-09-30_14-58-48_774.wav,C:\py\pigsound\pig-sound-classification\det_ALA_000347_frames.csv,174.6,175.6,175.1,174.6,175.6,0.7126166820526123,C:\py\pigsound\pig-sound-classification\det_round2_clips\ALA_000347_oldv1\ALA_000347_oldv1_rank051_p0.713_src174.60-175.60_clip174.60-175.60.wav
52,C:\py\pigsound\pig-sound-classification\data\external\aswine\data\audio\ALA_E_2_2020-09-30_14-58-48_774.wav,C:\py\pigsound\pig-sound-classification\det_ALA_000347_frames.csv,292.0,293.0,292.5,292.0,293.0,0.7120654582977295,C:\py\pigsound\pig-sound-classification\det_round2_clips\ALA_000347_oldv1\ALA_000347_oldv1_rank052_p0.712_src292.00-293.00_clip292.00-293.00.wav
53,C:\py\pigsound\pig-sound-classification\data\external\aswine\data\audio\ALA_E_2_2020-09-30_14-58-48_774.wav,C:\py\pigsound\pig-sound-classification\det_ALA_000347_frames.csv,277.6,278.6,278.1,277.6,278.6,0.7086657881736755,C:\py\pigsound\pig-sound-classification\det_round2_clips\ALA_000347_oldv1\ALA_000347_oldv1_rank053_p0.709_src277.60-278.60_clip277.60-278.60.wav
54,C:\py\pigsound\pig-sound-classification\data\external\aswine\data\audio\ALA_E_2_2020-09-30_14-58-48_774.wav,C:\py\pigsound\pig-sound-classification\det_ALA_000347_frames.csv,33.6,34.6,34.1,33.6,34.6,0.7077574729919434,C:\py\pigsound\pig-sound-classification\det_round2_clips\ALA_000347_oldv1\ALA_000347_oldv1_rank054_p0.708_src33.60-34.60_clip33.60-34.60.wav
55,C:\py\pigsound\pig-sound-classification\data\external\aswine\data\audio\ALA_E_2_2020-09-30_14-58-48_774.wav,C:\py\pigsound\pig-sound-classification\det_ALA_000347_frames.csv,30.2,31.2,30.7,30.2,31.2,0.7048542499542236,C:\py\pigsound\pig-sound-classification\det_round2_clips\ALA_000347_oldv1\ALA_000347_oldv1_rank055_p0.705_src30.20-31.20_clip30.20-31.20.wav
56,C:\py\pigsound\pig-sound-classification\data\external\aswine\data\audio\ALA_E_2_2020-09-30_14-58-48_774.wav,C:\py\pigsound\pig-sound-classification\det_ALA_000347_frames.csv,261.5,262.5,262.0,261.5,262.5,0.7044772505760193,C:\py\pigsound\pig-sound-classification\det_round2_clips\ALA_000347_oldv1\ALA_000347_oldv1_rank056_p0.704_src261.50-262.50_clip261.50-262.50.wav
57,C:\py\pigsound\pig-sound-classification\data\external\aswine\data\audio\ALA_E_2_2020-09-30_14-58-48_774.wav,C:\py\pigsound\pig-sound-classification\det_ALA_000347_frames.csv,223.3,224.3,223.8,223.3,224.3,0.7041100263595581,C:\py\pigsound\pig-sound-classification\det_round2_clips\ALA_000347_oldv1\ALA_000347_oldv1_rank057_p0.704_src223.30-224.30_clip223.30-224.30.wav
58,C:\py\pigsound\pig-sound-classification\data\external\aswine\data\audio\ALA_E_2_2020-09-30_14-58-48_774.wav,C:\py\pigsound\pig-sound-classification\det_ALA_000347_frames.csv,207.0,208.0,207.5,207.0,208.0,0.6949139833450317,C:\py\pigsound\pig-sound-classification\det_round2_clips\ALA_000347_oldv1\ALA_000347_oldv1_rank058_p0.695_src207.00-208.00_clip207.00-208.00.wav
59,C:\py\pigsound\pig-sound-classification\data\external\aswine\data\audio\ALA_E_2_2020-09-30_14-58-48_774.wav,C:\py\pigsound\pig-sound-classification\det_ALA_000347_frames.csv,152.6,153.6,153.1,152.6,153.6,0.6913361549377441,C:\py\pigsound\pig-sound-classification\det_round2_clips\ALA_000347_oldv1\ALA_000347_oldv1_rank059_p0.691_src152.60-153.60_clip152.60-153.60.wav
60,C:\py\pigsound\pig-sound-classification\data\external\aswine\data\audio\ALA_E_2_2020-09-30_14-58-48_774.wav,C:\py\pigsound\pig-sound-classification\det_ALA_000347_frames.csv,242.7,243.7,243.2,242.7,243.7,0.6907580494880676,C:\py\pigsound\pig-sound-classification\det_round2_clips\ALA_000347_oldv1\ALA_000347_oldv1_rank060_p0.691_src242.70-243.70_clip242.70-243.70.wav
61,C:\py\pigsound\pig-sound-classification\data\external\aswine\data\audio\ALA_E_2_2020-09-30_14-58-48_774.wav,C:\py\pigsound\pig-sound-classification\det_ALA_000347_frames.csv,275.4,276.4,275.9,275.4,276.4,0.6754555106163025,C:\py\pigsound\pig-sound-classification\det_round2_clips\ALA_000347_oldv1\ALA_000347_oldv1_rank061_p0.675_src275.40-276.40_clip275.40-276.40.wav
62,C:\py\pigsound\pig-sound-classification\data\external\aswine\data\audio\ALA_E_2_2020-09-30_14-58-48_774.wav,C:\py\pigsound\pig-sound-classification\det_ALA_000347_frames.csv,46.5,47.5,47.0,46.5,47.5,0.6744251847267151,C:\py\pigsound\pig-sound-classification\det_round2_clips\ALA_000347_oldv1\ALA_000347_oldv1_rank062_p0.674_src46.50-47.50_clip46.50-47.50.wav
63,C:\py\pigsound\pig-sound-classification\data\external\aswine\data\audio\ALA_E_2_2020-09-30_14-58-48_774.wav,C:\py\pigsound\pig-sound-classification\det_ALA_000347_frames.csv,24.8,25.8,25.3,24.8,25.8,0.6721926331520081,C:\py\pigsound\pig-sound-classification\det_round2_clips\ALA_000347_oldv1\ALA_000347_oldv1_rank063_p0.672_src24.80-25.80_clip24.80-25.80.wav
64,C:\py\pigsound\pig-sound-classification\data\external\aswine\data\audio\ALA_E_2_2020-09-30_14-58-48_774.wav,C:\py\pigsound\pig-sound-classification\det_ALA_000347_frames.csv,8.3,9.3,8.8,8.3,9.3,0.6702538728713989,C:\py\pigsound\pig-sound-classification\det_round2_clips\ALA_000347_oldv1\ALA_000347_oldv1_rank064_p0.670_src8.30-9.30_clip8.30-9.30.wav
65,C:\py\pigsound\pig-sound-classification\data\external\aswine\data\audio\ALA_E_2_2020-09-30_14-58-48_774.wav,C:\py\pigsound\pig-sound-classification\det_ALA_000347_frames.csv,333.1,334.1,333.6,333.1,334.1,0.6696693897247314,C:\py\pigsound\pig-sound-classification\det_round2_clips\ALA_000347_oldv1\ALA_000347_oldv1_rank065_p0.670_src333.10-334.10_clip333.10-334.10.wav
66,C:\py\pigsound\pig-sound-classification\data\external\aswine\data\audio\ALA_E_2_2020-09-30_14-58-48_774.wav,C:\py\pigsound\pig-sound-classification\det_ALA_000347_frames.csv,75.7,76.7,76.2,75.7,76.7,0.6687984466552734,C:\py\pigsound\pig-sound-classification\det_round2_clips\ALA_000347_oldv1\ALA_000347_oldv1_rank066_p0.669_src75.70-76.70_clip75.70-76.70.wav
67,C:\py\pigsound\pig-sound-classification\data\external\aswine\data\audio\ALA_E_2_2020-09-30_14-58-48_774.wav,C:\py\pigsound\pig-sound-classification\det_ALA_000347_frames.csv,254.7,255.7,255.2,254.7,255.7,0.6635297536849976,C:\py\pigsound\pig-sound-classification\det_round2_clips\ALA_000347_oldv1\ALA_000347_oldv1_rank067_p0.664_src254.70-255.70_clip254.70-255.70.wav
68,C:\py\pigsound\pig-sound-classification\data\external\aswine\data\audio\ALA_E_2_2020-09-30_14-58-48_774.wav,C:\py\pigsound\pig-sound-classification\det_ALA_000347_frames.csv,288.0,289.0,288.5,288.0,289.0,0.6598747968673706,C:\py\pigsound\pig-sound-classification\det_round2_clips\ALA_000347_oldv1\ALA_000347_oldv1_rank068_p0.660_src288.00-289.00_clip288.00-289.00.wav
69,C:\py\pigsound\pig-sound-classification\data\external\aswine\data\audio\ALA_E_2_2020-09-30_14-58-48_774.wav,C:\py\pigsound\pig-sound-classification\det_ALA_000347_frames.csv,302.5,303.5,303.0,302.5,303.5,0.6579240560531616,C:\py\pigsound\pig-sound-classification\det_round2_clips\ALA_000347_oldv1\ALA_000347_oldv1_rank069_p0.658_src302.50-303.50_clip302.50-303.50.wav
70,C:\py\pigsound\pig-sound-classification\data\external\aswine\data\audio\ALA_E_2_2020-09-30_14-58-48_774.wav,C:\py\pigsound\pig-sound-classification\det_ALA_000347_frames.csv,3.0,4.0,3.5,3.0,4.0,0.6557818651199341,C:\py\pigsound\pig-sound-classification\det_round2_clips\ALA_000347_oldv1\ALA_000347_oldv1_rank070_p0.656_src3.00-4.00_clip3.00-4.00.wav
71,C:\py\pigsound\pig-sound-classification\data\external\aswine\data\audio\ALA_E_2_2020-09-30_14-58-48_774.wav,C:\py\pigsound\pig-sound-classification\det_ALA_000347_frames.csv,309.3,310.3,309.8,309.3,310.3,0.654925525188446,C:\py\pigsound\pig-sound-classification\det_round2_clips\ALA_000347_oldv1\ALA_000347_oldv1_rank071_p0.655_src309.30-310.30_clip309.30-310.30.wav
72,C:\py\pigsound\pig-sound-classification\data\external\aswine\data\audio\ALA_E_2_2020-09-30_14-58-48_774.wav,C:\py\pigsound\pig-sound-classification\det_ALA_000347_frames.csv,146.1,147.1,146.6,146.1,147.1,0.6542924046516418,C:\py\pigsound\pig-sound-classification\det_round2_clips\ALA_000347_oldv1\ALA_000347_oldv1_rank072_p0.654_src146.10-147.10_clip146.10-147.10.wav
73,C:\py\pigsound\pig-sound-classification\data\external\aswine\data\audio\ALA_E_2_2020-09-30_14-58-48_774.wav,C:\py\pigsound\pig-sound-classification\det_ALA_000347_frames.csv,175.5,176.5,176.0,175.5,176.5,0.6538000702857971,C:\py\pigsound\pig-sound-classification\det_round2_clips\ALA_000347_oldv1\ALA_000347_oldv1_rank073_p0.654_src175.50-176.50_clip175.50-176.50.wav
74,C:\py\pigsound\pig-sound-classification\data\external\aswine\data\audio\ALA_E_2_2020-09-30_14-58-48_774.wav,C:\py\pigsound\pig-sound-classification\det_ALA_000347_frames.csv,122.5,123.5,123.0,122.5,123.5,0.6536752581596375,C:\py\pigsound\pig-sound-classification\det_round2_clips\ALA_000347_oldv1\ALA_000347_oldv1_rank074_p0.654_src122.50-123.50_clip122.50-123.50.wav
75,C:\py\pigsound\pig-sound-classification\data\external\aswine\data\audio\ALA_E_2_2020-09-30_14-58-48_774.wav,C:\py\pigsound\pig-sound-classification\det_ALA_000347_frames.csv,341.9,342.9,342.4,341.9,342.9,0.6534910202026367,C:\py\pigsound\pig-sound-classification\det_round2_clips\ALA_000347_oldv1\ALA_000347_oldv1_rank075_p0.653_src341.90-342.90_clip341.90-342.90.wav
76,C:\py\pigsound\pig-sound-classification\data\external\aswine\data\audio\ALA_E_2_2020-09-30_14-58-48_774.wav,C:\py\pigsound\pig-sound-classification\det_ALA_000347_frames.csv,319.9,320.9,320.4,319.9,320.9,0.6527512669563293,C:\py\pigsound\pig-sound-classification\det_round2_clips\ALA_000347_oldv1\ALA_000347_oldv1_rank076_p0.653_src319.90-320.90_clip319.90-320.90.wav
77,C:\py\pigsound\pig-sound-classification\data\external\aswine\data\audio\ALA_E_2_2020-09-30_14-58-48_774.wav,C:\py\pigsound\pig-sound-classification\det_ALA_000347_frames.csv,57.6,58.6,58.1,57.6,58.6,0.6490335464477539,C:\py\pigsound\pig-sound-classification\det_round2_clips\ALA_000347_oldv1\ALA_000347_oldv1_rank077_p0.649_src57.60-58.60_clip57.60-58.60.wav
78,C:\py\pigsound\pig-sound-classification\data\external\aswine\data\audio\ALA_E_2_2020-09-30_14-58-48_774.wav,C:\py\pigsound\pig-sound-classification\det_ALA_000347_frames.csv,107.0,108.0,107.5,107.0,108.0,0.6481753587722778,C:\py\pigsound\pig-sound-classification\det_round2_clips\ALA_000347_oldv1\ALA_000347_oldv1_rank078_p0.648_src107.00-108.00_clip107.00-108.00.wav
79,C:\py\pigsound\pig-sound-classification\data\external\aswine\data\audio\ALA_E_2_2020-09-30_14-58-48_774.wav,C:\py\pigsound\pig-sound-classification\det_ALA_000347_frames.csv,73.2,74.2,73.7,73.2,74.2,0.6465843319892883,C:\py\pigsound\pig-sound-classification\det_round2_clips\ALA_000347_oldv1\ALA_000347_oldv1_rank079_p0.647_src73.20-74.20_clip73.20-74.20.wav
80,C:\py\pigsound\pig-sound-classification\data\external\aswine\data\audio\ALA_E_2_2020-09-30_14-58-48_774.wav,C:\py\pigsound\pig-sound-classification\det_ALA_000347_frames.csv,259.7,260.7,260.2,259.7,260.7,0.6464380621910095,C:\py\pigsound\pig-sound-classification\det_round2_clips\ALA_000347_oldv1\ALA_000347_oldv1_rank080_p0.646_src259.70-260.70_clip259.70-260.70.wav
