parameter,value,count,n_runs,mean,std,min,max
softmax_temperature,0.5,4,25,0.8,0.1767766952966369,0.5,1.0
softmax_temperature,0.75,12,25,0.8,0.1767766952966369,0.5,1.0
softmax_temperature,1.0,9,25,0.8,0.1767766952966369,0.5,1.0
main_prototype_temperature,0.03,2,25,0.0696,0.0196807858921673,0.03,0.1
main_prototype_temperature,0.05,4,25,0.0696,0.0196807858921673,0.03,0.1
main_prototype_temperature,0.07,14,25,0.0696,0.0196807858921673,0.03,0.1
main_prototype_temperature,0.1,5,25,0.0696,0.0196807858921673,0.03,0.1
hierarchical_prototype_temperature,0.03,2,25,0.0696,0.0337243729865113,0.03,0.2
hierarchical_prototype_temperature,0.05,9,25,0.0696,0.0337243729865113,0.03,0.2
hierarchical_prototype_temperature,0.07,9,25,0.0696,0.0337243729865113,0.03,0.2
hierarchical_prototype_temperature,0.1,4,25,0.0696,0.0337243729865113,0.03,0.2
hierarchical_prototype_temperature,0.2,1,25,0.0696,0.0337243729865113,0.03,0.2
hierarchy_penalty,0.85,1,25,0.994,0.03,0.85,1.0
hierarchy_penalty,1.0,24,25,0.994,0.03,0.85,1.0
fusion_alpha,0.0,3,25,0.77,0.3455068740271312,0.0,1.0
fusion_alpha,0.25,1,25,0.77,0.3455068740271312,0.0,1.0
fusion_alpha,0.5,1,25,0.77,0.3455068740271312,0.0,1.0
fusion_alpha,0.75,6,25,0.77,0.3455068740271312,0.0,1.0
fusion_alpha,1.0,14,25,0.77,0.3455068740271312,0.0,1.0
fusion_kind,mixed,8,25,,,,
fusion_kind,pure_prototype,3,25,,,,
fusion_kind,pure_softmax,14,25,,,,
global_rejection_threshold,0.5853458642959595,1,25,0.7684982132911682,0.1083026911572844,0.5853458642959595,0.9689763188362122
global_rejection_threshold,0.6114749908447266,1,25,0.7684982132911682,0.1083026911572844,0.5853458642959595,0.9689763188362122
global_rejection_threshold,0.6116796731948853,1,25,0.7684982132911682,0.1083026911572844,0.5853458642959595,0.9689763188362122
global_rejection_threshold,0.6510642766952515,1,25,0.7684982132911682,0.1083026911572844,0.5853458642959595,0.9689763188362122
global_rejection_threshold,0.6666757464408875,1,25,0.7684982132911682,0.1083026911572844,0.5853458642959595,0.9689763188362122
global_rejection_threshold,0.6849985718727112,1,25,0.7684982132911682,0.1083026911572844,0.5853458642959595,0.9689763188362122
global_rejection_threshold,0.6914087533950806,1,25,0.7684982132911682,0.1083026911572844,0.5853458642959595,0.9689763188362122
global_rejection_threshold,0.6942673921585083,1,25,0.7684982132911682,0.1083026911572844,0.5853458642959595,0.9689763188362122
global_rejection_threshold,0.7005351781845093,1,25,0.7684982132911682,0.1083026911572844,0.5853458642959595,0.9689763188362122
global_rejection_threshold,0.7067743539810181,1,25,0.7684982132911682,0.1083026911572844,0.5853458642959595,0.9689763188362122
global_rejection_threshold,0.7210639715194702,1,25,0.7684982132911682,0.1083026911572844,0.5853458642959595,0.9689763188362122
global_rejection_threshold,0.751006543636322,1,25,0.7684982132911682,0.1083026911572844,0.5853458642959595,0.9689763188362122
global_rejection_threshold,0.7759732007980347,1,25,0.7684982132911682,0.1083026911572844,0.5853458642959595,0.9689763188362122
global_rejection_threshold,0.7789553999900818,1,25,0.7684982132911682,0.1083026911572844,0.5853458642959595,0.9689763188362122
global_rejection_threshold,0.8037421107292175,1,25,0.7684982132911682,0.1083026911572844,0.5853458642959595,0.9689763188362122
global_rejection_threshold,0.8159000873565674,1,25,0.7684982132911682,0.1083026911572844,0.5853458642959595,0.9689763188362122
global_rejection_threshold,0.8171396851539612,1,25,0.7684982132911682,0.1083026911572844,0.5853458642959595,0.9689763188362122
global_rejection_threshold,0.8408849239349365,1,25,0.7684982132911682,0.1083026911572844,0.5853458642959595,0.9689763188362122
global_rejection_threshold,0.8457677364349365,1,25,0.7684982132911682,0.1083026911572844,0.5853458642959595,0.9689763188362122
global_rejection_threshold,0.8532170057296753,1,25,0.7684982132911682,0.1083026911572844,0.5853458642959595,0.9689763188362122
global_rejection_threshold,0.8779493570327759,1,25,0.7684982132911682,0.1083026911572844,0.5853458642959595,0.9689763188362122
global_rejection_threshold,0.9030219316482544,1,25,0.7684982132911682,0.1083026911572844,0.5853458642959595,0.9689763188362122
global_rejection_threshold,0.9238653182983398,1,25,0.7684982132911682,0.1083026911572844,0.5853458642959595,0.9689763188362122
global_rejection_threshold,0.9307669401168823,1,25,0.7684982132911682,0.1083026911572844,0.5853458642959595,0.9689763188362122
global_rejection_threshold,0.9689763188362122,1,25,0.7684982132911682,0.1083026911572844,0.5853458642959595,0.9689763188362122
per_class_rejection_threshold:cough,0.9970130920410156,1,25,0.9998724913597108,0.0005962762380454,0.9970130920410156,1.0
per_class_rejection_threshold:cough,0.9998742938041687,1,25,0.9998724913597108,0.0005962762380454,0.9970130920410156,1.0
per_class_rejection_threshold:cough,0.9999653697013855,1,25,0.9998724913597108,0.0005962762380454,0.9970130920410156,1.0
per_class_rejection_threshold:cough,0.9999717473983765,1,25,0.9998724913597108,0.0005962762380454,0.9970130920410156,1.0
per_class_rejection_threshold:cough,0.9999885559082031,1,25,0.9998724913597108,0.0005962762380454,0.9970130920410156,1.0
per_class_rejection_threshold:cough,0.9999997019767761,1,25,0.9998724913597108,0.0005962762380454,0.9970130920410156,1.0
per_class_rejection_threshold:cough,0.9999998211860657,1,25,0.9998724913597108,0.0005962762380454,0.9970130920410156,1.0
per_class_rejection_threshold:cough,0.9999998807907104,1,25,0.9998724913597108,0.0005962762380454,0.9970130920410156,1.0
per_class_rejection_threshold:cough,0.9999999403953552,3,25,0.9998724913597108,0.0005962762380454,0.9970130920410156,1.0
per_class_rejection_threshold:cough,1.0,14,25,0.9998724913597108,0.0005962762380454,0.9970130920410156,1.0
per_class_rejection_threshold:calm_grunt,0.9847701191902161,1,25,0.999372262954712,0.0030424163160025,0.984770119190216,1.0
per_class_rejection_threshold:calm_grunt,0.9998205304145813,1,25,0.999372262954712,0.0030424163160025,0.984770119190216,1.0
per_class_rejection_threshold:calm_grunt,0.9999135732650757,1,25,0.999372262954712,0.0030424163160025,0.984770119190216,1.0
per_class_rejection_threshold:calm_grunt,0.9999144077301025,1,25,0.999372262954712,0.0030424163160025,0.984770119190216,1.0
per_class_rejection_threshold:calm_grunt,0.9999237656593323,1,25,0.999372262954712,0.0030424163160025,0.984770119190216,1.0
per_class_rejection_threshold:calm_grunt,0.999984622001648,1,25,0.999372262954712,0.0030424163160025,0.984770119190216,1.0
per_class_rejection_threshold:calm_grunt,0.9999881982803345,1,25,0.999372262954712,0.0030424163160025,0.984770119190216,1.0
per_class_rejection_threshold:calm_grunt,0.9999977946281433,1,25,0.999372262954712,0.0030424163160025,0.984770119190216,1.0
per_class_rejection_threshold:calm_grunt,0.9999982714653015,1,25,0.999372262954712,0.0030424163160025,0.984770119190216,1.0
per_class_rejection_threshold:calm_grunt,0.9999987483024597,1,25,0.999372262954712,0.0030424163160025,0.984770119190216,1.0
per_class_rejection_threshold:calm_grunt,0.999998927116394,1,25,0.999372262954712,0.0030424163160025,0.984770119190216,1.0
per_class_rejection_threshold:calm_grunt,0.9999991655349731,1,25,0.999372262954712,0.0030424163160025,0.984770119190216,1.0
per_class_rejection_threshold:calm_grunt,0.9999992847442627,1,25,0.999372262954712,0.0030424163160025,0.984770119190216,1.0
per_class_rejection_threshold:calm_grunt,0.9999995827674866,1,25,0.999372262954712,0.0030424163160025,0.984770119190216,1.0
per_class_rejection_threshold:calm_grunt,0.9999997615814209,1,25,0.999372262954712,0.0030424163160025,0.984770119190216,1.0
per_class_rejection_threshold:calm_grunt,0.9999998211860657,1,25,0.999372262954712,0.0030424163160025,0.984770119190216,1.0
per_class_rejection_threshold:calm_grunt,1.0,9,25,0.999372262954712,0.0030424163160025,0.984770119190216,1.0
per_class_rejection_threshold:feeding,0.5207092761993408,1,25,0.6752387976646423,0.1186311268594674,0.5207092761993408,0.9365887641906738
per_class_rejection_threshold:feeding,0.534602165222168,1,25,0.6752387976646423,0.1186311268594674,0.5207092761993408,0.9365887641906738
per_class_rejection_threshold:feeding,0.547319769859314,1,25,0.6752387976646423,0.1186311268594674,0.5207092761993408,0.9365887641906738
per_class_rejection_threshold:feeding,0.5498186349868774,1,25,0.6752387976646423,0.1186311268594674,0.5207092761993408,0.9365887641906738
per_class_rejection_threshold:feeding,0.5574349164962769,1,25,0.6752387976646423,0.1186311268594674,0.5207092761993408,0.9365887641906738
per_class_rejection_threshold:feeding,0.5813392400741577,1,25,0.6752387976646423,0.1186311268594674,0.5207092761993408,0.9365887641906738
per_class_rejection_threshold:feeding,0.589407742023468,1,25,0.6752387976646423,0.1186311268594674,0.5207092761993408,0.9365887641906738
per_class_rejection_threshold:feeding,0.5915449261665344,1,25,0.6752387976646423,0.1186311268594674,0.5207092761993408,0.9365887641906738
per_class_rejection_threshold:feeding,0.5934004783630371,1,25,0.6752387976646423,0.1186311268594674,0.5207092761993408,0.9365887641906738
per_class_rejection_threshold:feeding,0.6018237471580505,1,25,0.6752387976646423,0.1186311268594674,0.5207092761993408,0.9365887641906738
per_class_rejection_threshold:feeding,0.6482840180397034,1,25,0.6752387976646423,0.1186311268594674,0.5207092761993408,0.9365887641906738
per_class_rejection_threshold:feeding,0.6507614254951477,1,25,0.6752387976646423,0.1186311268594674,0.5207092761993408,0.9365887641906738
per_class_rejection_threshold:feeding,0.6527675986289978,1,25,0.6752387976646423,0.1186311268594674,0.5207092761993408,0.9365887641906738
per_class_rejection_threshold:feeding,0.6593486070632935,1,25,0.6752387976646423,0.1186311268594674,0.5207092761993408,0.9365887641906738
per_class_rejection_threshold:feeding,0.6717362999916077,1,25,0.6752387976646423,0.1186311268594674,0.5207092761993408,0.9365887641906738
per_class_rejection_threshold:feeding,0.6894316673278809,1,25,0.6752387976646423,0.1186311268594674,0.5207092761993408,0.9365887641906738
per_class_rejection_threshold:feeding,0.6935396194458008,1,25,0.6752387976646423,0.1186311268594674,0.5207092761993408,0.9365887641906738
per_class_rejection_threshold:feeding,0.7066670656204224,1,25,0.6752387976646423,0.1186311268594674,0.5207092761993408,0.9365887641906738
per_class_rejection_threshold:feeding,0.744195818901062,1,25,0.6752387976646423,0.1186311268594674,0.5207092761993408,0.9365887641906738
per_class_rejection_threshold:feeding,0.7600520849227905,1,25,0.6752387976646423,0.1186311268594674,0.5207092761993408,0.9365887641906738
per_class_rejection_threshold:feeding,0.7922728061676025,1,25,0.6752387976646423,0.1186311268594674,0.5207092761993408,0.9365887641906738
per_class_rejection_threshold:feeding,0.8311771750450134,1,25,0.6752387976646423,0.1186311268594674,0.5207092761993408,0.9365887641906738
per_class_rejection_threshold:feeding,0.8807213306427002,1,25,0.6752387976646423,0.1186311268594674,0.5207092761993408,0.9365887641906738
per_class_rejection_threshold:feeding,0.896024763584137,1,25,0.6752387976646423,0.1186311268594674,0.5207092761993408,0.9365887641906738
per_class_rejection_threshold:feeding,0.9365887641906738,1,25,0.6752387976646423,0.1186311268594674,0.5207092761993408,0.9365887641906738
per_class_rejection_threshold:stress_vocal,0.5488241314888,1,25,0.711580045223236,0.1108540567915041,0.5488241314888,0.967910647392273
per_class_rejection_threshold:stress_vocal,0.5589417815208435,1,25,0.711580045223236,0.1108540567915041,0.5488241314888,0.967910647392273
per_class_rejection_threshold:stress_vocal,0.5672731399536133,1,25,0.711580045223236,0.1108540567915041,0.5488241314888,0.967910647392273
per_class_rejection_threshold:stress_vocal,0.5749942660331726,1,25,0.711580045223236,0.1108540567915041,0.5488241314888,0.967910647392273
per_class_rejection_threshold:stress_vocal,0.6211866140365601,1,25,0.711580045223236,0.1108540567915041,0.5488241314888,0.967910647392273
per_class_rejection_threshold:stress_vocal,0.6266660094261169,1,25,0.711580045223236,0.1108540567915041,0.5488241314888,0.967910647392273
per_class_rejection_threshold:stress_vocal,0.6326817870140076,1,25,0.711580045223236,0.1108540567915041,0.5488241314888,0.967910647392273
per_class_rejection_threshold:stress_vocal,0.6426146626472473,1,25,0.711580045223236,0.1108540567915041,0.5488241314888,0.967910647392273
per_class_rejection_threshold:stress_vocal,0.6447434425354004,1,25,0.711580045223236,0.1108540567915041,0.5488241314888,0.967910647392273
per_class_rejection_threshold:stress_vocal,0.6488773822784424,1,25,0.711580045223236,0.1108540567915041,0.5488241314888,0.967910647392273
per_class_rejection_threshold:stress_vocal,0.6668639779090881,1,25,0.711580045223236,0.1108540567915041,0.5488241314888,0.967910647392273
per_class_rejection_threshold:stress_vocal,0.6718096733093262,1,25,0.711580045223236,0.1108540567915041,0.5488241314888,0.967910647392273
per_class_rejection_threshold:stress_vocal,0.6868842244148254,1,25,0.711580045223236,0.1108540567915041,0.5488241314888,0.967910647392273
per_class_rejection_threshold:stress_vocal,0.6950579881668091,1,25,0.711580045223236,0.1108540567915041,0.5488241314888,0.967910647392273
per_class_rejection_threshold:stress_vocal,0.7465481162071228,1,25,0.711580045223236,0.1108540567915041,0.5488241314888,0.967910647392273
per_class_rejection_threshold:stress_vocal,0.7599010467529297,1,25,0.711580045223236,0.1108540567915041,0.5488241314888,0.967910647392273
per_class_rejection_threshold:stress_vocal,0.7733570337295532,1,25,0.711580045223236,0.1108540567915041,0.5488241314888,0.967910647392273
per_class_rejection_threshold:stress_vocal,0.7814509868621826,1,25,0.711580045223236,0.1108540567915041,0.5488241314888,0.967910647392273
per_class_rejection_threshold:stress_vocal,0.7922167181968689,1,25,0.711580045223236,0.1108540567915041,0.5488241314888,0.967910647392273
per_class_rejection_threshold:stress_vocal,0.8154817819595337,1,25,0.711580045223236,0.1108540567915041,0.5488241314888,0.967910647392273
per_class_rejection_threshold:stress_vocal,0.8186060190200806,1,25,0.711580045223236,0.1108540567915041,0.5488241314888,0.967910647392273
per_class_rejection_threshold:stress_vocal,0.8249891996383667,1,25,0.711580045223236,0.1108540567915041,0.5488241314888,0.967910647392273
per_class_rejection_threshold:stress_vocal,0.8267607688903809,1,25,0.711580045223236,0.1108540567915041,0.5488241314888,0.967910647392273
per_class_rejection_threshold:stress_vocal,0.8948597311973572,1,25,0.711580045223236,0.1108540567915041,0.5488241314888,0.967910647392273
per_class_rejection_threshold:stress_vocal,0.967910647392273,1,25,0.711580045223236,0.1108540567915041,0.5488241314888,0.967910647392273
