path,label,subtype,source_id,md5
data/raw/sow_call_dataset_labeled/calm_grunt/169-0.wav,calm_grunt,calm_grunt,calm_grunt::169-0,e947badc4709f1a8dc80cf31271bae75
data/raw/sow_call_dataset_labeled/calm_grunt/63-0.wav,calm_grunt,calm_grunt,calm_grunt::63-0,c5f7980d3f690a56cecc65238ba1d3a5
data/raw/sow_call_dataset_labeled/calm_grunt/211-0.wav,calm_grunt,calm_grunt,calm_grunt::211-0,72862cb72702c46b18ffd424c15c25d3
data/raw/sow_call_dataset_labeled/feeding/417-1.wav,feeding,feeding,feeding::417-1,8f86c8ddfdba8a759f93ddcddf3c6ca4
data/external/korea_raw/dry_cough/train_dry_11313.wav,cough,dry_cough,dry_cough::train_dry_11313,8d8091d1d6ed7ec819241557ce97aaa5
data/raw/sow_call_dataset_labeled/calm_grunt/151-0.wav,calm_grunt,calm_grunt,calm_grunt::151-0,af2dea9baecdb955b1cd31003d1067a8
data/raw/sow_call_dataset_labeled/feeding/416-1.wav,feeding,feeding,feeding::416-1,22a7fb2de74cb00978b97f9cd2d62d16
data/raw/sow_call_dataset_labeled/feeding/488-1.wav,feeding,feeding,feeding::488-1,8be8958aecd8de0d2ed15efe4ae65d46
data/raw/sow_call_dataset_labeled/calm_grunt/19-0.wav,calm_grunt,calm_grunt,calm_grunt::19-0,cc05c7adf9a8a9f5930da28417ef438a
data/raw/sow_call_dataset_labeled/calm_grunt/231-0.wav,calm_grunt,calm_grunt,calm_grunt::231-0,a2ae6041464e5f769c29666ceab7ae88
data/raw/sow_call_dataset_labeled/calm_grunt/116-0.wav,calm_grunt,calm_grunt,calm_grunt::116-0,f2c290875e4a45fdbd9d99a257a2c0d0
data/external/korea_raw/abdominal_cough/train_abdominal_01927.wav,cough,abdominal_cough,abdominal_cough::train_abdominal_01927,4cc06e4ae2c3f2b2071046c1fa5231da
data/raw/sow_call_dataset_labeled/anxious_stress/1682-3.wav,stress_vocal,anxious_stress,anxious_stress::1682-3,22f617734eec4c14399d7edd05952a94
data/raw/sow_call_dataset_labeled/feeding/459-1.wav,feeding,feeding,feeding::459-1,ea30a0435c97deafeb61c05608c5eb72
data/raw/sow_call_dataset_labeled/feeding/396-1.wav,feeding,feeding,feeding::396-1,850bc5be2aeb59aeadd3ce9d998d574e
data/external/korea_raw/abdominal_cough/train_abdominal_11185.wav,cough,abdominal_cough,abdominal_cough::train_abdominal_11185,b54a27e15df5df31622302fcd4ae8ec7
data/external/korea_raw/dry_cough/train_dry_15001.wav,cough,dry_cough,dry_cough::train_dry_15001,d8d5b1f0a6d063854c64038aafebd0d3
data/raw/sow_call_dataset_labeled/frightened_stress/531-2.wav,stress_vocal,frightened_stress,frightened_stress::531-2,439e489d68e585b0f865ab720f41e65a
data/raw/sow_call_dataset_labeled/feeding/338-1.wav,feeding,feeding,feeding::338-1,a993b4f61c2a9f764670cbfda033973d
data/raw/sow_call_dataset_labeled/frightened_stress/523-2.wav,stress_vocal,frightened_stress,frightened_stress::523-2,5d7c61c8e6a36efe9548b7fde0d719e2
data/external/korea_raw/dry_cough/train_dry_14116.wav,cough,dry_cough,dry_cough::train_dry_14116,0c14aaa22c26d93b577f6bc2dcf4e3b8
data/external/korea_raw/dry_cough/train_dry_17365.wav,cough,dry_cough,dry_cough::train_dry_17365,1f0c4f98faf27f032963dc373fff55fc
data/external/korea_raw/abdominal_cough/train_abdominal_10703.wav,cough,abdominal_cough,abdominal_cough::train_abdominal_10703,274aaba4f73d0ead2aa6a273ec46c893
data/raw/sow_call_dataset_labeled/calm_grunt/122-0.wav,calm_grunt,calm_grunt,calm_grunt::122-0,ae8e73f27465e329bf210ecc3963c43d
data/raw/sow_call_dataset_labeled/anxious_stress/1507-3.wav,stress_vocal,anxious_stress,anxious_stress::1507-3,dba94a0ae11312ce75189f03a3283b08
data/raw/sow_call_dataset_labeled/calm_grunt/60-0.wav,calm_grunt,calm_grunt,calm_grunt::60-0,0ba83c86bddfd14affc8463908d2ca4c
data/raw/sow_call_dataset_labeled/feeding/388-1.wav,feeding,feeding,feeding::388-1,f752cbf5ae7654815ea6a9c717bef9ab
data/external/korea_raw/dry_cough/train_dry_02626.wav,cough,dry_cough,dry_cough::train_dry_02626,52ef86914fd099edfa76b7115ab7d3e6
data/raw/sow_call_dataset_labeled/anxious_stress/1742-3.wav,stress_vocal,anxious_stress,anxious_stress::1742-3,97d12599daa821ec8a4469ba46361fc6
data/raw/sow_call_dataset_labeled/calm_grunt/17-0.wav,calm_grunt,calm_grunt,calm_grunt::17-0,6d0fdf8b95bdb819bedf2000bd3cfb78
data/raw/sow_call_dataset_labeled/frightened_stress/1031-2.wav,stress_vocal,frightened_stress,frightened_stress::1031-2,52f370f2037764cd024cc8ac3620035d
data/raw/sow_call_dataset_labeled/feeding/482-1.wav,feeding,feeding,feeding::482-1,3da291d087a699da613d186274e3066f
data/raw/sow_call_dataset_labeled/feeding/358-1.wav,feeding,feeding,feeding::358-1,6955d0079095101679f2c3afb32cdeb1
data/external/korea_raw/abdominal_cough/train_abdominal_04813.wav,cough,abdominal_cough,abdominal_cough::train_abdominal_04813,2144728272524c67bcaa4a7c5d38451f
data/raw/sow_call_dataset_labeled/feeding/328-1.wav,feeding,feeding,feeding::328-1,a278fff157df778634a642847f592c18
data/raw/sow_call_dataset_labeled/feeding/495-1.wav,feeding,feeding,feeding::495-1,6f304ffeafca0d8ed9bfd6b96e1a7f6c
data/raw/sow_call_dataset_labeled/calm_grunt/194-0.wav,calm_grunt,calm_grunt,calm_grunt::194-0,e6bd3813dee18cade327f51bbfae0056
data/external/korea_raw/dry_cough/train_dry_02152.wav,cough,dry_cough,dry_cough::train_dry_02152,71fec5c63b1a2c1cb3cca4536e799d30
data/raw/sow_call_dataset_labeled/calm_grunt/254-0.wav,calm_grunt,calm_grunt,calm_grunt::254-0,fd5e83dafb7f1f342a2b4c9b8e8c9eba
data/external/korea_raw/dry_cough/train_dry_08986.wav,cough,dry_cough,dry_cough::train_dry_08986,9494c81e602c44bffb92695e6fc3a589
data/external/korea_raw/abdominal_cough/train_abdominal_03327.wav,cough,abdominal_cough,abdominal_cough::train_abdominal_03327,6c268f105b7a80a5a57195b3d5191224
data/external/korea_raw/dry_cough/train_dry_09740.wav,cough,dry_cough,dry_cough::train_dry_09740,5f8fb56fc4ace60671889f2ebf3b238b
data/raw/sow_call_dataset_labeled/feeding/491-1.wav,feeding,feeding,feeding::491-1,98acaaca009a7153d1e845d99381cc86
data/external/korea_raw/abdominal_cough/train_abdominal_00031.wav,cough,abdominal_cough,abdominal_cough::train_abdominal_00031,cfb42040320794f2451a4375738a7b29
data/raw/sow_call_dataset_labeled/feeding/455-1.wav,feeding,feeding,feeding::455-1,7af498b207229b5fc73680d1f86ae346
data/external/korea_raw/dry_cough/train_dry_10489.wav,cough,dry_cough,dry_cough::train_dry_10489,155d36b3649b77d309f7a684b6d0360b
data/external/korea_raw/abdominal_cough/train_abdominal_01368.wav,cough,abdominal_cough,abdominal_cough::train_abdominal_01368,f4852f3b36c632a308542defd65ca9c8
data/raw/sow_call_dataset_labeled/frightened_stress/822-2.wav,stress_vocal,frightened_stress,frightened_stress::822-2,34afa9d7a999ef2ed77951327134e455
data/external/korea_raw/dry_cough/train_dry_13855.wav,cough,dry_cough,dry_cough::train_dry_13855,92a4b6e7ce690c211166c2967b9d3651
data/raw/sow_call_dataset_labeled/calm_grunt/224-0.wav,calm_grunt,calm_grunt,calm_grunt::224-0,42529f10cdb62548159fad990360d589
data/raw/sow_call_dataset_labeled/anxious_stress/1544-3.wav,stress_vocal,anxious_stress,anxious_stress::1544-3,c3644cfdda4c38d4db38ee03f2fa0a46
data/raw/sow_call_dataset_labeled/feeding/287-1.wav,feeding,feeding,feeding::287-1,0a6c14b603d3f34dd522bc6a7c8951b0
data/raw/sow_call_dataset_labeled/frightened_stress/1195-2.wav,stress_vocal,frightened_stress,frightened_stress::1195-2,a46b5707a5369cae3f9da3fb8bf2cee0
data/raw/sow_call_dataset_labeled/feeding/300-1.wav,feeding,feeding,feeding::300-1,4ab5cd15ea191a327e87742bbebb5920
data/raw/sow_call_dataset_labeled/feeding/494-1.wav,feeding,feeding,feeding::494-1,2625600ec914b482983241756da9eb1c
data/raw/sow_call_dataset_labeled/anxious_stress/1561-3.wav,stress_vocal,anxious_stress,anxious_stress::1561-3,5fb81c5b843c88128bdd4a3474a270e3
data/raw/sow_call_dataset_labeled/calm_grunt/266-0.wav,calm_grunt,calm_grunt,calm_grunt::266-0,608df06c1a88e6c70c53c42ea6084179
data/raw/sow_call_dataset_labeled/calm_grunt/71-0.wav,calm_grunt,calm_grunt,calm_grunt::71-0,c47c8e4aa8cc5ea7a439cd0ca95d0e69
data/external/korea_raw/dry_cough/train_dry_05498.wav,cough,dry_cough,dry_cough::train_dry_05498,476f1f61fe985f0e105b631f547552aa
data/raw/sow_call_dataset_labeled/calm_grunt/168-0.wav,calm_grunt,calm_grunt,calm_grunt::168-0,a68e75ba413659cf6cbf7af8451a5593
data/raw/sow_call_dataset_labeled/calm_grunt/37-0.wav,calm_grunt,calm_grunt,calm_grunt::37-0,0d14c5311018a2668af9e2899a47f81b
data/external/korea_raw/dry_cough/train_dry_06309.wav,cough,dry_cough,dry_cough::train_dry_06309,e864a15f221652d49c99a842728ff9b8
data/raw/sow_call_dataset_labeled/calm_grunt/2-0.wav,calm_grunt,calm_grunt,calm_grunt::2-0,08f7b07f03081f1a0cccff83680f12e1
data/raw/sow_call_dataset_labeled/frightened_stress/1223-2.wav,stress_vocal,frightened_stress,frightened_stress::1223-2,8277f1cfbc922eb1239017120cc5d24d
data/external/korea_raw/abdominal_cough/train_abdominal_05140.wav,cough,abdominal_cough,abdominal_cough::train_abdominal_05140,ffc07baef90cf2dfcbaa9c4fa0e982c0
data/raw/sow_call_dataset_labeled/calm_grunt/277-0.wav,calm_grunt,calm_grunt,calm_grunt::277-0,6eb1c708dc821f7a78b54de966232129
data/raw/sow_call_dataset_labeled/calm_grunt/146-0.wav,calm_grunt,calm_grunt,calm_grunt::146-0,e555283d4dcff3cbe68b58ea6baa9321
data/external/korea_raw/dry_cough/train_dry_13541.wav,cough,dry_cough,dry_cough::train_dry_13541,a8d1a76cc94143e8ea637648dd31c2a7
data/external/korea_raw/abdominal_cough/train_abdominal_06234.wav,cough,abdominal_cough,abdominal_cough::train_abdominal_06234,1ae2dada3a2b589c389631f65d6348dd
data/raw/sow_call_dataset_labeled/feeding/458-1.wav,feeding,feeding,feeding::458-1,69d53049ab5e15e8b3acc7788ecb30e1
data/raw/sow_call_dataset_labeled/anxious_stress/1567-3.wav,stress_vocal,anxious_stress,anxious_stress::1567-3,d76bf0e98eb7f34a4269a6dcebf2b860
data/raw/sow_call_dataset_labeled/anxious_stress/1542-3.wav,stress_vocal,anxious_stress,anxious_stress::1542-3,67270e4a483c42340bcd28607f80b74d
data/external/korea_raw/dry_cough/train_dry_08199.wav,cough,dry_cough,dry_cough::train_dry_08199,959d2b76aa0b6879710ef07c25f825c0
data/raw/sow_call_dataset_labeled/calm_grunt/114-0.wav,calm_grunt,calm_grunt,calm_grunt::114-0,6bfb9e30e653d62d2ad67d1d0fbee2b2
data/raw/sow_call_dataset_labeled/frightened_stress/759-2.wav,stress_vocal,frightened_stress,frightened_stress::759-2,cd8f7c91201dc638d3d0a45c5c79c5bb
data/raw/sow_call_dataset_labeled/feeding/405-1.wav,feeding,feeding,feeding::405-1,ea726cf1653d506af10435494ae46b9c
data/raw/sow_call_dataset_labeled/frightened_stress/655-2.wav,stress_vocal,frightened_stress,frightened_stress::655-2,11be2ab0aa75fc895d6b80f55d5fb058
data/external/korea_raw/dry_cough/train_dry_05639.wav,cough,dry_cough,dry_cough::train_dry_05639,6cf575aa47daab5073d9bae5a3c7da2e
data/raw/sow_call_dataset_labeled/calm_grunt/69-0.wav,calm_grunt,calm_grunt,calm_grunt::69-0,5e6972bc79d14fbb0e7d8c9fc5171b8e
data/raw/sow_call_dataset_labeled/calm_grunt/56-0.wav,calm_grunt,calm_grunt,calm_grunt::56-0,9cd05026be5db2db8415830a0477bd4c
data/raw/sow_call_dataset_labeled/calm_grunt/232-0.wav,calm_grunt,calm_grunt,calm_grunt::232-0,4567c24436bb3564b8e76995d59731ed
data/external/korea_raw/dry_cough/train_dry_08876.wav,cough,dry_cough,dry_cough::train_dry_08876,dbbe85e11c0107023150e7749f0ed8b5
data/raw/sow_call_dataset_labeled/calm_grunt/42-0.wav,calm_grunt,calm_grunt,calm_grunt::42-0,d0cfae31788bab1ac211c0ba851cd55e
data/raw/sow_call_dataset_labeled/anxious_stress/1709-3.wav,stress_vocal,anxious_stress,anxious_stress::1709-3,3dacc1f6f04510e241d061f5e72fe9fa
data/raw/sow_call_dataset_labeled/frightened_stress/1038-2.wav,stress_vocal,frightened_stress,frightened_stress::1038-2,eea3389ab552c4f66b61093bf5aacc49
data/raw/sow_call_dataset_labeled/feeding/404-1.wav,feeding,feeding,feeding::404-1,7cf487ee65f8de67afdf4bc3a3a8a364
data/raw/sow_call_dataset_labeled/feeding/285-1.wav,feeding,feeding,feeding::285-1,65f33200728e918d641f9711c97e8ff8
data/raw/sow_call_dataset_labeled/calm_grunt/125-0.wav,calm_grunt,calm_grunt,calm_grunt::125-0,d89d4e300f78fe3c697419d08cb50ac3
data/raw/sow_call_dataset_labeled/feeding/401-1.wav,feeding,feeding,feeding::401-1,bc86326c01436117ec1a0b11e6fb3118
data/raw/sow_call_dataset_labeled/calm_grunt/239-0.wav,calm_grunt,calm_grunt,calm_grunt::239-0,2b5e72d15407f5c5bf9dbdaa1c2d1c81
data/raw/sow_call_dataset_labeled/anxious_stress/1589-3.wav,stress_vocal,anxious_stress,anxious_stress::1589-3,8c518ab36f53810b6d56ec067d44982b
data/external/korea_raw/dry_cough/train_dry_06353.wav,cough,dry_cough,dry_cough::train_dry_06353,7c4381d73edf61a542eca5b8ad16ccbe
data/raw/sow_call_dataset_labeled/feeding/425-1.wav,feeding,feeding,feeding::425-1,3bcb50fb39d7fb0de2c31dda0a28f6c0
data/external/korea_raw/abdominal_cough/train_abdominal_16922.wav,cough,abdominal_cough,abdominal_cough::train_abdominal_16922,221826b36d50c278d4756c758f9420cb
data/external/korea_raw/abdominal_cough/train_abdominal_00049.wav,cough,abdominal_cough,abdominal_cough::train_abdominal_00049,d32a2ce70142cdb375e3f280bd31d53d
data/external/korea_raw/dry_cough/train_dry_14269.wav,cough,dry_cough,dry_cough::train_dry_14269,655d3135a43f619181264bba1c098ecd
data/raw/sow_call_dataset_labeled/calm_grunt/82-0.wav,calm_grunt,calm_grunt,calm_grunt::82-0,34acb8148f20b3f727272fbb04197f5b
data/raw/sow_call_dataset_labeled/frightened_stress/571-2.wav,stress_vocal,frightened_stress,frightened_stress::571-2,08169455610f31ed96247239437ecadf
data/raw/sow_call_dataset_labeled/feeding/292-1.wav,feeding,feeding,feeding::292-1,b6b4ab80c60a107a37d467607d880960
data/raw/sow_call_dataset_labeled/feeding/426-1.wav,feeding,feeding,feeding::426-1,2bce67468c128c92d19e1cff09ba6c3b
data/external/korea_raw/abdominal_cough/train_abdominal_08082.wav,cough,abdominal_cough,abdominal_cough::train_abdominal_08082,d30dcaf230f9e2a911e1947f21cca67c
data/external/korea_raw/dry_cough/train_dry_12450.wav,cough,dry_cough,dry_cough::train_dry_12450,47b717e4e196a63ea5c93b03f5413a8c
data/raw/sow_call_dataset_labeled/frightened_stress/881-2.wav,stress_vocal,frightened_stress,frightened_stress::881-2,d63f03a86bcefc906222d7ea6f93ab6f
data/raw/sow_call_dataset_labeled/calm_grunt/173-0.wav,calm_grunt,calm_grunt,calm_grunt::173-0,8d35b1c93828ef636c044d9c618ba07a
data/external/korea_raw/dry_cough/train_dry_09211.wav,cough,dry_cough,dry_cough::train_dry_09211,3bb689858efeb4df4e167faf1948a561
data/raw/sow_call_dataset_labeled/frightened_stress/748-2.wav,stress_vocal,frightened_stress,frightened_stress::748-2,97c27117eaac78545cdb37ed2f1d186a
data/raw/sow_call_dataset_labeled/anxious_stress/1468-3.wav,stress_vocal,anxious_stress,anxious_stress::1468-3,d20184e28961e933d131951e2eb5242b
data/raw/sow_call_dataset_labeled/feeding/473-1.wav,feeding,feeding,feeding::473-1,adefd246a1f1d23667f420a5f34cbdba
data/raw/sow_call_dataset_labeled/calm_grunt/164-0.wav,calm_grunt,calm_grunt,calm_grunt::164-0,d61f937fb7139f1bd2472783afd2378a
data/external/korea_raw/dry_cough/train_dry_08236.wav,cough,dry_cough,dry_cough::train_dry_08236,a7ab543a182c83c4cf8ec72231ba0af2
data/external/korea_raw/dry_cough/train_dry_03538.wav,cough,dry_cough,dry_cough::train_dry_03538,cd5622076ebe10bca0a566680914c45e
data/raw/sow_call_dataset_labeled/feeding/310-1.wav,feeding,feeding,feeding::310-1,e182903ad8aa68909edd26a68eb2ab0f
data/raw/sow_call_dataset_labeled/feeding/307-1.wav,feeding,feeding,feeding::307-1,8fc5651f54c92d66c8257bc9916273cd
data/raw/sow_call_dataset_labeled/frightened_stress/1151-2.wav,stress_vocal,frightened_stress,frightened_stress::1151-2,19a0588cad7331dcce28a199f94807e2
data/raw/sow_call_dataset_labeled/feeding/379-1.wav,feeding,feeding,feeding::379-1,c6f14f815edd9331138d57cccd8cd140
data/raw/sow_call_dataset_labeled/anxious_stress/1439-3.wav,stress_vocal,anxious_stress,anxious_stress::1439-3,562d41a925310e65e447295c973efdaf
data/raw/sow_call_dataset_labeled/feeding/474-1.wav,feeding,feeding,feeding::474-1,4ac490683f10f1286cbd20634142babd
data/raw/sow_call_dataset_labeled/anxious_stress/1734-3.wav,stress_vocal,anxious_stress,anxious_stress::1734-3,d586207a9cfc91dd5953bfb8b33806ec
data/external/korea_raw/abdominal_cough/train_abdominal_01008.wav,cough,abdominal_cough,abdominal_cough::train_abdominal_01008,e9a3958896af3793bd5ef142bc7de5f1
data/raw/sow_call_dataset_labeled/feeding/443-1.wav,feeding,feeding,feeding::443-1,959b1d9a0933af53404557f821915bf4
data/raw/sow_call_dataset_labeled/feeding/444-1.wav,feeding,feeding,feeding::444-1,6e8f71772e6578a1413f49c0b64622ef
data/external/korea_raw/abdominal_cough/train_abdominal_10418.wav,cough,abdominal_cough,abdominal_cough::train_abdominal_10418,5d9ff9a04b762dd1a95afae3d706647f
data/raw/sow_call_dataset_labeled/feeding/344-1.wav,feeding,feeding,feeding::344-1,1e32fa522f534052e0badee906001702
data/raw/sow_call_dataset_labeled/feeding/439-1.wav,feeding,feeding,feeding::439-1,a3f51af5a294914779d2dc2f3b3bd907
data/external/korea_raw/dry_cough/train_dry_14835.wav,cough,dry_cough,dry_cough::train_dry_14835,2a6f1b93023cf43370fb4ddc4a25c557
data/raw/sow_call_dataset_labeled/frightened_stress/1224-2.wav,stress_vocal,frightened_stress,frightened_stress::1224-2,cd923bb9cb98a201aac17abb33d7ac2e
data/raw/sow_call_dataset_labeled/feeding/284-1.wav,feeding,feeding,feeding::284-1,6285300dd712873a1dbe78f9a3d92a62
data/raw/sow_call_dataset_labeled/calm_grunt/138-0.wav,calm_grunt,calm_grunt,calm_grunt::138-0,c74924089ea7c9705accf9121a1ee39d
data/raw/sow_call_dataset_labeled/calm_grunt/24-0.wav,calm_grunt,calm_grunt,calm_grunt::24-0,57e0792f9c0bef3a1206b3fa26e2fa3a
data/raw/sow_call_dataset_labeled/calm_grunt/64-0.wav,calm_grunt,calm_grunt,calm_grunt::64-0,0a7747d5ab7e4818e5f3a5d3996abae2
data/raw/sow_call_dataset_labeled/calm_grunt/144-0.wav,calm_grunt,calm_grunt,calm_grunt::144-0,774d9a0f9e54a6702356ba5dda65d61f
data/raw/sow_call_dataset_labeled/feeding/410-1.wav,feeding,feeding,feeding::410-1,a5a7c34dbe8a6fab597c1be279b45d5b
data/raw/sow_call_dataset_labeled/feeding/298-1.wav,feeding,feeding,feeding::298-1,a386793de4da5cae07e7e1b426e07f80
data/raw/sow_call_dataset_labeled/calm_grunt/166-0.wav,calm_grunt,calm_grunt,calm_grunt::166-0,25e8947ac277cfbdc1bd958badbbbc86
data/raw/sow_call_dataset_labeled/feeding/301-1.wav,feeding,feeding,feeding::301-1,7622e2f4a02d4d7c7231bf680f9dc31f
data/raw/sow_call_dataset_labeled/feeding/468-1.wav,feeding,feeding,feeding::468-1,39909bdeb62af3245137a6afbe3caf59
data/raw/sow_call_dataset_labeled/frightened_stress/652-2.wav,stress_vocal,frightened_stress,frightened_stress::652-2,c344210694631dcec83870f050f2378f
data/raw/sow_call_dataset_labeled/anxious_stress/1317-3.wav,stress_vocal,anxious_stress,anxious_stress::1317-3,c7652f060f39af48d80d6ca53e0bfa80
data/raw/sow_call_dataset_labeled/frightened_stress/868-2.wav,stress_vocal,frightened_stress,frightened_stress::868-2,cec4d2b9711b26431e0de42e4767b5a1
data/raw/sow_call_dataset_labeled/anxious_stress/1464-3.wav,stress_vocal,anxious_stress,anxious_stress::1464-3,2743f54e1745190bd5a5d12eaf98310d
data/raw/sow_call_dataset_labeled/frightened_stress/659-2.wav,stress_vocal,frightened_stress,frightened_stress::659-2,1d6bfc94674efedfb49ba4f8ba8ba969
data/external/korea_raw/abdominal_cough/train_abdominal_14437.wav,cough,abdominal_cough,abdominal_cough::train_abdominal_14437,12f71686d1214f4a37e7f533b384ea35
data/raw/sow_call_dataset_labeled/feeding/448-1.wav,feeding,feeding,feeding::448-1,8bb0433d57e752f3e3175bc1af237e33
data/external/korea_raw/abdominal_cough/train_abdominal_03235.wav,cough,abdominal_cough,abdominal_cough::train_abdominal_03235,6e2a2589f788481e947967fc0ddb7439
data/raw/sow_call_dataset_labeled/calm_grunt/141-0.wav,calm_grunt,calm_grunt,calm_grunt::141-0,f429120ab9a81669388344a75f5fcd5c
data/external/korea_raw/dry_cough/train_dry_07031.wav,cough,dry_cough,dry_cough::train_dry_07031,3fdafed293c7e8e1272976b9611ee934
data/raw/sow_call_dataset_labeled/frightened_stress/1219-2.wav,stress_vocal,frightened_stress,frightened_stress::1219-2,4d4e30415af51fcfb54ec6e237e1a9ca
data/external/korea_raw/abdominal_cough/train_abdominal_16150.wav,cough,abdominal_cough,abdominal_cough::train_abdominal_16150,946612ea641c82cb4582cb8f1d5e0117
data/raw/sow_call_dataset_labeled/feeding/384-1.wav,feeding,feeding,feeding::384-1,c4ef7b6773002970172394d18b004c2c
data/raw/sow_call_dataset_labeled/feeding/493-1.wav,feeding,feeding,feeding::493-1,9385d5d45bc2a99baf46b582a7a2e4a3
data/raw/sow_call_dataset_labeled/frightened_stress/1052-2.wav,stress_vocal,frightened_stress,frightened_stress::1052-2,631da4d355191853ee52a939654615b2
data/raw/sow_call_dataset_labeled/feeding/283-1.wav,feeding,feeding,feeding::283-1,d47cadf05c7ada9cbb5994a3fd2707a7
data/external/korea_raw/dry_cough/train_dry_10700.wav,cough,dry_cough,dry_cough::train_dry_10700,0fae4a79341221e45ba642f15f6818d6
data/raw/sow_call_dataset_labeled/calm_grunt/103-0.wav,calm_grunt,calm_grunt,calm_grunt::103-0,e3da3af875943e47a4446d4b82409e73
data/raw/sow_call_dataset_labeled/calm_grunt/106-0.wav,calm_grunt,calm_grunt,calm_grunt::106-0,e10aa4aeaf68c4b9c6985afbf7d078fe
data/external/korea_raw/dry_cough/train_dry_08102.wav,cough,dry_cough,dry_cough::train_dry_08102,d54b98e1098754a78ae6e56a3394b2fa
data/raw/sow_call_dataset_labeled/calm_grunt/193-0.wav,calm_grunt,calm_grunt,calm_grunt::193-0,ca1ead94c16e1fb25c9557ecd7dcc551
data/external/korea_raw/abdominal_cough/train_abdominal_04976.wav,cough,abdominal_cough,abdominal_cough::train_abdominal_04976,63762fd9faeabfcc2ad020daa01ac1b3
data/raw/sow_call_dataset_labeled/feeding/469-1.wav,feeding,feeding,feeding::469-1,96f4365be7925a63b199ce1f0e094270
data/raw/sow_call_dataset_labeled/frightened_stress/586-2.wav,stress_vocal,frightened_stress,frightened_stress::586-2,0859016187398bcc21de9290ae757fd0
data/raw/sow_call_dataset_labeled/feeding/305-1.wav,feeding,feeding,feeding::305-1,72e098542127e38f946da9808a9b6da9
data/raw/sow_call_dataset_labeled/frightened_stress/775-2.wav,stress_vocal,frightened_stress,frightened_stress::775-2,12e900053b84f60a4c387bdfba8dab7a
data/raw/sow_call_dataset_labeled/frightened_stress/945-2.wav,stress_vocal,frightened_stress,frightened_stress::945-2,25bd0f6ceb1367dd7a2c338c4d04ec99
data/raw/sow_call_dataset_labeled/feeding/378-1.wav,feeding,feeding,feeding::378-1,35334144f2798ce070865449edca6371
data/raw/sow_call_dataset_labeled/calm_grunt/88-0.wav,calm_grunt,calm_grunt,calm_grunt::88-0,9e37d4ddec86dc1c9fd757e03c81e70d
data/raw/sow_call_dataset_labeled/frightened_stress/687-2.wav,stress_vocal,frightened_stress,frightened_stress::687-2,8dd98c4509f774b89d1bb46409408f26
data/external/korea_raw/abdominal_cough/train_abdominal_08931.wav,cough,abdominal_cough,abdominal_cough::train_abdominal_08931,44d64dc3a40a97a1501096ba3b23aacd
data/raw/sow_call_dataset_labeled/anxious_stress/1652-3.wav,stress_vocal,anxious_stress,anxious_stress::1652-3,9ed561de34c9f61a86929654defacb0d
data/external/korea_raw/abdominal_cough/train_abdominal_03760.wav,cough,abdominal_cough,abdominal_cough::train_abdominal_03760,c4608a077f40964f878f86bb56cd7bca
data/raw/sow_call_dataset_labeled/frightened_stress/782-2.wav,stress_vocal,frightened_stress,frightened_stress::782-2,587d8dff500c9d83ef3095d686f3d08b
data/raw/sow_call_dataset_labeled/feeding/280-1.wav,feeding,feeding,feeding::280-1,520f24b7e9deddec9fe824bcbbc863a7
data/external/korea_raw/dry_cough/train_dry_12259.wav,cough,dry_cough,dry_cough::train_dry_12259,0dd24b3ee3931c0516f250d0fb57dc2a
data/raw/sow_call_dataset_labeled/anxious_stress/1376-3.wav,stress_vocal,anxious_stress,anxious_stress::1376-3,7955ec6fe3a43547095c229605227135
data/raw/sow_call_dataset_labeled/feeding/364-1.wav,feeding,feeding,feeding::364-1,492d4bf4df9f229076e738db4d93e136
data/raw/sow_call_dataset_labeled/anxious_stress/1533-3.wav,stress_vocal,anxious_stress,anxious_stress::1533-3,2cf9bcacbcf30dd879a1e9291542c62f
data/external/korea_raw/dry_cough/train_dry_16871.wav,cough,dry_cough,dry_cough::train_dry_16871,0087b3873541a379748a345b960d0af7
data/raw/sow_call_dataset_labeled/feeding/431-1.wav,feeding,feeding,feeding::431-1,91ae5382a6836df66540a8ba89013364
data/raw/sow_call_dataset_labeled/feeding/464-1.wav,feeding,feeding,feeding::464-1,83db5486486f92c2bdb844017e2ddc1c
data/raw/sow_call_dataset_labeled/anxious_stress/1628-3.wav,stress_vocal,anxious_stress,anxious_stress::1628-3,b4bafd8c58512f0cbd5d3fc95eff2e5e
data/raw/sow_call_dataset_labeled/frightened_stress/1126-2.wav,stress_vocal,frightened_stress,frightened_stress::1126-2,5725ff7cbf18f50ef17f7afc97eced90
data/raw/sow_call_dataset_labeled/anxious_stress/1732-3.wav,stress_vocal,anxious_stress,anxious_stress::1732-3,1c322775995a4227ec766c301946da8e
data/external/korea_raw/dry_cough/train_dry_13858.wav,cough,dry_cough,dry_cough::train_dry_13858,29839ff03fb8f2707fc4fe0a99520ec6
data/raw/sow_call_dataset_labeled/feeding/471-1.wav,feeding,feeding,feeding::471-1,52da60c3cf75c529daf2db0df0c762b2
data/external/korea_raw/abdominal_cough/train_abdominal_05020.wav,cough,abdominal_cough,abdominal_cough::train_abdominal_05020,d1ca37566393127c90406febf5d9c4dd
data/raw/sow_call_dataset_labeled/feeding/304-1.wav,feeding,feeding,feeding::304-1,c9e37a52d69aa372d3ae6b95468b7620
data/raw/sow_call_dataset_labeled/calm_grunt/182-0.wav,calm_grunt,calm_grunt,calm_grunt::182-0,5ec24f69341475ee529256c8a2d68016
data/raw/sow_call_dataset_labeled/feeding/408-1.wav,feeding,feeding,feeding::408-1,c5c6c461330f013112cc5aa69924534f
data/raw/sow_call_dataset_labeled/feeding/420-1.wav,feeding,feeding,feeding::420-1,b793c2273b1c2dfd832a1152ce52ed66
data/raw/sow_call_dataset_labeled/feeding/281-1.wav,feeding,feeding,feeding::281-1,56294d00580ffb9c9f3a431fc57aeb57
data/raw/sow_call_dataset_labeled/frightened_stress/1147-2.wav,stress_vocal,frightened_stress,frightened_stress::1147-2,603b3a572759463a730730d83cb5b5fc
data/external/korea_raw/abdominal_cough/train_abdominal_06755.wav,cough,abdominal_cough,abdominal_cough::train_abdominal_06755,da4baccfa24e9c4653fc9b4a6cc36421
data/external/korea_raw/dry_cough/train_dry_09239.wav,cough,dry_cough,dry_cough::train_dry_09239,2f9ff30122974c3c0529764de066c3c9
data/raw/sow_call_dataset_labeled/calm_grunt/156-0.wav,calm_grunt,calm_grunt,calm_grunt::156-0,4fd3ca89516bd1c8e62c3e4d22bffb5f
data/raw/sow_call_dataset_labeled/feeding/339-1.wav,feeding,feeding,feeding::339-1,deb68c6964ab418e4310311901a98808
data/external/korea_raw/abdominal_cough/train_abdominal_04314.wav,cough,abdominal_cough,abdominal_cough::train_abdominal_04314,14cfa356c56f5fb97ab95f6e8f359b80
data/raw/sow_call_dataset_labeled/anxious_stress/1494-3.wav,stress_vocal,anxious_stress,anxious_stress::1494-3,c96e034455453c8a80062c77d5b0ffd8
data/raw/sow_call_dataset_labeled/frightened_stress/526-2.wav,stress_vocal,frightened_stress,frightened_stress::526-2,b65897727e1e71d10524d53a6ab413fc
data/raw/sow_call_dataset_labeled/calm_grunt/215-0.wav,calm_grunt,calm_grunt,calm_grunt::215-0,eacffc580457f4b0769203c57aaf61ba
data/raw/sow_call_dataset_labeled/calm_grunt/33-0.wav,calm_grunt,calm_grunt,calm_grunt::33-0,67e1998ac615db0944b871917ad2d0aa
data/raw/sow_call_dataset_labeled/feeding/315-1.wav,feeding,feeding,feeding::315-1,25ba0d4f52d01f07333467fcc075ff40
data/raw/sow_call_dataset_labeled/feeding/375-1.wav,feeding,feeding,feeding::375-1,d8c57227517ea71f9349b5658f53f6df
data/raw/sow_call_dataset_labeled/calm_grunt/153-0.wav,calm_grunt,calm_grunt,calm_grunt::153-0,2cbc92ca43e27e42fb27b7da0e2a647b
data/raw/sow_call_dataset_labeled/frightened_stress/596-2.wav,stress_vocal,frightened_stress,frightened_stress::596-2,102a2591cf0670b52f0552d3296a6c3d
data/raw/sow_call_dataset_labeled/calm_grunt/246-0.wav,calm_grunt,calm_grunt,calm_grunt::246-0,af2331ab38f97aa237f515945a5359e8
data/raw/sow_call_dataset_labeled/calm_grunt/188-0.wav,calm_grunt,calm_grunt,calm_grunt::188-0,f87d4d5ece79d543b811901788b82662
data/raw/sow_call_dataset_labeled/feeding/418-1.wav,feeding,feeding,feeding::418-1,5e965e7ebb03953c2162f0f1390745c8
data/raw/sow_call_dataset_labeled/anxious_stress/1723-3.wav,stress_vocal,anxious_stress,anxious_stress::1723-3,b4470af845c5541d1714bac512872b28
data/raw/sow_call_dataset_labeled/calm_grunt/260-0.wav,calm_grunt,calm_grunt,calm_grunt::260-0,fee833279f0b1ace61147583d74b3c7e
data/raw/sow_call_dataset_labeled/frightened_stress/1168-2.wav,stress_vocal,frightened_stress,frightened_stress::1168-2,ae04531d88b6d96d954b3dbcd275bfe5
data/raw/sow_call_dataset_labeled/feeding/322-1.wav,feeding,feeding,feeding::322-1,b0f021f65c31f27254abc9dd6fece2e6
data/external/korea_raw/abdominal_cough/train_abdominal_04310.wav,cough,abdominal_cough,abdominal_cough::train_abdominal_04310,f720b0ab06424dff180f34747009278e
data/raw/sow_call_dataset_labeled/calm_grunt/196-0.wav,calm_grunt,calm_grunt,calm_grunt::196-0,9d51e2659000f298a06703d06ff1009b
data/raw/sow_call_dataset_labeled/feeding/374-1.wav,feeding,feeding,feeding::374-1,ca33d691c1be1b37788350a14cb8cafa
data/raw/sow_call_dataset_labeled/calm_grunt/112-0.wav,calm_grunt,calm_grunt,calm_grunt::112-0,30c2d21e21e2d3c09108cf8e9274010d
data/raw/sow_call_dataset_labeled/calm_grunt/191-0.wav,calm_grunt,calm_grunt,calm_grunt::191-0,3edbcd7e4d484f1fa45cd8c3904ed2b2
data/raw/sow_call_dataset_labeled/feeding/392-1.wav,feeding,feeding,feeding::392-1,d3845eb49bd749c3197f37f680174b2b
data/raw/sow_call_dataset_labeled/feeding/492-1.wav,feeding,feeding,feeding::492-1,b998236fc8e1bd90177833e700992ddb
data/raw/sow_call_dataset_labeled/frightened_stress/552-2.wav,stress_vocal,frightened_stress,frightened_stress::552-2,41b48bb07ada3fbff3e310cc12e9c346
data/raw/sow_call_dataset_labeled/anxious_stress/1479-3.wav,stress_vocal,anxious_stress,anxious_stress::1479-3,cb064148d3c35a33ddc26fc975d12b0d
data/raw/sow_call_dataset_labeled/calm_grunt/161-0.wav,calm_grunt,calm_grunt,calm_grunt::161-0,331e367eef0172938fc74ff6745debbf
data/external/korea_raw/abdominal_cough/train_abdominal_16915.wav,cough,abdominal_cough,abdominal_cough::train_abdominal_16915,30e7d3b15cbb60172aaa776a75823270
data/raw/sow_call_dataset_labeled/calm_grunt/59-0.wav,calm_grunt,calm_grunt,calm_grunt::59-0,59a6dd695e64efe4c8241ab5e0cd60df
data/raw/sow_call_dataset_labeled/feeding/314-1.wav,feeding,feeding,feeding::314-1,62e6b3528d5aba9152593aba8a02ba52
data/raw/sow_call_dataset_labeled/feeding/367-1.wav,feeding,feeding,feeding::367-1,940704b541a8d463f81ea666f8da0a2d
data/raw/sow_call_dataset_labeled/feeding/347-1.wav,feeding,feeding,feeding::347-1,025adb61783547ff9a35c44600e53f23
data/raw/sow_call_dataset_labeled/frightened_stress/961-2.wav,stress_vocal,frightened_stress,frightened_stress::961-2,cff3765fa0dd800a44d1113d4ec719f8
data/raw/sow_call_dataset_labeled/calm_grunt/77-0.wav,calm_grunt,calm_grunt,calm_grunt::77-0,30a8f5d7c6b7cd20c35edc66b4003150
data/raw/sow_call_dataset_labeled/frightened_stress/1228-2.wav,stress_vocal,frightened_stress,frightened_stress::1228-2,2eb4bb6dcde3f726fcb182e48d811e4d
data/raw/sow_call_dataset_labeled/anxious_stress/1297-3.wav,stress_vocal,anxious_stress,anxious_stress::1297-3,15736b80e0e4f5e334117af31330abe5
data/raw/sow_call_dataset_labeled/calm_grunt/200-0.wav,calm_grunt,calm_grunt,calm_grunt::200-0,9f56e233d86a50f8c07037764ffc404c
data/raw/sow_call_dataset_labeled/frightened_stress/1181-2.wav,stress_vocal,frightened_stress,frightened_stress::1181-2,169c266db019bc6253d7eef595398880
data/external/korea_raw/dry_cough/train_dry_16946.wav,cough,dry_cough,dry_cough::train_dry_16946,ec256eee52208eb823fc722e9838aeaa
data/external/korea_raw/abdominal_cough/train_abdominal_15347.wav,cough,abdominal_cough,abdominal_cough::train_abdominal_15347,26b5456aff95d3750ab4e176d7f7568d
data/external/korea_raw/dry_cough/train_dry_10991.wav,cough,dry_cough,dry_cough::train_dry_10991,fed26a33f0b741bc95bbf8e3ae6cdaa1
data/raw/sow_call_dataset_labeled/calm_grunt/13-0.wav,calm_grunt,calm_grunt,calm_grunt::13-0,1e6abaca4ee7e6ae5e9ddcd4c3bc70ee
data/raw/sow_call_dataset_labeled/calm_grunt/50-0.wav,calm_grunt,calm_grunt,calm_grunt::50-0,455d577392cb6dad063b90db2318d95d
data/raw/sow_call_dataset_labeled/anxious_stress/1272-3.wav,stress_vocal,anxious_stress,anxious_stress::1272-3,ff6f943b9956c3adcddfef8911c4d1af
data/raw/sow_call_dataset_labeled/calm_grunt/198-0.wav,calm_grunt,calm_grunt,calm_grunt::198-0,d6f78c29d16485f14e15c559ba612000
data/external/korea_raw/dry_cough/train_dry_03883.wav,cough,dry_cough,dry_cough::train_dry_03883,d33384b82a4c07ee3479d6a84e6a107a
data/external/korea_raw/dry_cough/train_dry_07981.wav,cough,dry_cough,dry_cough::train_dry_07981,1b6528ebc5a2e0a347b25a3c828f07e3
data/external/korea_raw/abdominal_cough/train_abdominal_05833.wav,cough,abdominal_cough,abdominal_cough::train_abdominal_05833,d3881a57cf8833c0155d1c6ac568e4af
data/raw/sow_call_dataset_labeled/frightened_stress/1144-2.wav,stress_vocal,frightened_stress,frightened_stress::1144-2,26b85af0d33a586cb1f415338f30b99f
data/raw/sow_call_dataset_labeled/calm_grunt/134-0.wav,calm_grunt,calm_grunt,calm_grunt::134-0,f5e6656b16432a15c846dda524aab2f7
data/external/korea_raw/abdominal_cough/train_abdominal_00857.wav,cough,abdominal_cough,abdominal_cough::train_abdominal_00857,789ad623761f4474ae90ef84f023fe5d
data/raw/sow_call_dataset_labeled/calm_grunt/234-0.wav,calm_grunt,calm_grunt,calm_grunt::234-0,60811846bec973804cf5cb64ea03726f
data/raw/sow_call_dataset_labeled/feeding/386-1.wav,feeding,feeding,feeding::386-1,14e3565af5b36ce69c196167511c0621
data/raw/sow_call_dataset_labeled/calm_grunt/87-0.wav,calm_grunt,calm_grunt,calm_grunt::87-0,8a71ce11993b41c96492046b094d5541
data/raw/sow_call_dataset_labeled/anxious_stress/1764-3.wav,stress_vocal,anxious_stress,anxious_stress::1764-3,8f45f5408783ef907c910d396f8d3e82
data/external/korea_raw/abdominal_cough/train_abdominal_06380.wav,cough,abdominal_cough,abdominal_cough::train_abdominal_06380,184ac8d36ba1abc848b4e8c993aa144a
data/external/korea_raw/abdominal_cough/train_abdominal_06519.wav,cough,abdominal_cough,abdominal_cough::train_abdominal_06519,2f8d6588915749ed41288e1dbd0907a1
data/raw/sow_call_dataset_labeled/frightened_stress/836-2.wav,stress_vocal,frightened_stress,frightened_stress::836-2,b312f2d2d6e6958ed5d615c05f8fd0f1
data/external/korea_raw/dry_cough/train_dry_07298.wav,cough,dry_cough,dry_cough::train_dry_07298,10ec6df7ad93441ebfa2ea95554db2fe
data/external/korea_raw/dry_cough/train_dry_05706.wav,cough,dry_cough,dry_cough::train_dry_05706,cabdd1844b105752cbe748d89f921aa0
data/raw/sow_call_dataset_labeled/feeding/409-1.wav,feeding,feeding,feeding::409-1,fe33b1f82836d9d6bfaf1fc38ad6c38e
data/external/korea_raw/dry_cough/train_dry_08205.wav,cough,dry_cough,dry_cough::train_dry_08205,6704c14d5e967fb2463c9162bfcd787d
data/external/korea_raw/abdominal_cough/train_abdominal_01901.wav,cough,abdominal_cough,abdominal_cough::train_abdominal_01901,2879faa1c7df2c79b3cefc41b529377c
data/raw/sow_call_dataset_labeled/calm_grunt/158-0.wav,calm_grunt,calm_grunt,calm_grunt::158-0,2bc30f4bf56fd2cb47a2f12ffc171771
data/raw/sow_call_dataset_labeled/calm_grunt/110-0.wav,calm_grunt,calm_grunt,calm_grunt::110-0,8bdf2bdbf8d00a536f8c775e6d9c0736
data/raw/sow_call_dataset_labeled/anxious_stress/1437-3.wav,stress_vocal,anxious_stress,anxious_stress::1437-3,9dcd542137ab5deb241d9b7b2ed7c5c9
data/external/korea_raw/abdominal_cough/train_abdominal_16132.wav,cough,abdominal_cough,abdominal_cough::train_abdominal_16132,bb1a38311c36b868c02a8665521c46cd
data/external/korea_raw/abdominal_cough/train_abdominal_08535.wav,cough,abdominal_cough,abdominal_cough::train_abdominal_08535,4749144a70c2e8e6a0af3948cb281081
data/external/korea_raw/abdominal_cough/train_abdominal_13649.wav,cough,abdominal_cough,abdominal_cough::train_abdominal_13649,758a24dd5518a227c1e5ba1f0ff3dcb4
data/raw/sow_call_dataset_labeled/anxious_stress/1294-3.wav,stress_vocal,anxious_stress,anxious_stress::1294-3,3b1abd244c212e4e29ed5d8d492094a3
data/external/korea_raw/dry_cough/train_dry_10089.wav,cough,dry_cough,dry_cough::train_dry_10089,775f4d5a26089f6370a62cded40bb1f6
data/raw/sow_call_dataset_labeled/calm_grunt/240-0.wav,calm_grunt,calm_grunt,calm_grunt::240-0,3c62b64f8cff3862f16a6e573d59fe36
data/raw/sow_call_dataset_labeled/anxious_stress/1553-3.wav,stress_vocal,anxious_stress,anxious_stress::1553-3,2cc7ee2a51509f8820704288be44be50
data/raw/sow_call_dataset_labeled/feeding/434-1.wav,feeding,feeding,feeding::434-1,60499ac98fbfe8ab1dde68e04cd86b19
data/raw/sow_call_dataset_labeled/calm_grunt/137-0.wav,calm_grunt,calm_grunt,calm_grunt::137-0,94eaca614b15f6d58cd81d44ec37817b
data/external/korea_raw/abdominal_cough/train_abdominal_06486.wav,cough,abdominal_cough,abdominal_cough::train_abdominal_06486,15bac9e9266ee4160e94b37b59172566
data/raw/sow_call_dataset_labeled/calm_grunt/249-0.wav,calm_grunt,calm_grunt,calm_grunt::249-0,fbbc28a00f1e866d73c27706bffbc617
data/raw/sow_call_dataset_labeled/anxious_stress/1319-3.wav,stress_vocal,anxious_stress,anxious_stress::1319-3,70416f8308d57205be32c00e519918be
data/raw/sow_call_dataset_labeled/frightened_stress/583-2.wav,stress_vocal,frightened_stress,frightened_stress::583-2,4e9e1f75d37da88bc52a8da571d1bdd6
data/raw/sow_call_dataset_labeled/feeding/435-1.wav,feeding,feeding,feeding::435-1,a8583c3ac7a35a9c1af4c2e45c9898d7
data/raw/sow_call_dataset_labeled/calm_grunt/236-0.wav,calm_grunt,calm_grunt,calm_grunt::236-0,6d651b5747ea5d5cf6c4132ce475475f
data/raw/sow_call_dataset_labeled/feeding/335-1.wav,feeding,feeding,feeding::335-1,79050e8ada787dd046cf905654fc85cb
data/raw/sow_call_dataset_labeled/feeding/317-1.wav,feeding,feeding,feeding::317-1,fbca61cea2bb9c7be3d1d9cce8728dce
data/raw/sow_call_dataset_labeled/calm_grunt/243-0.wav,calm_grunt,calm_grunt,calm_grunt::243-0,f56a126850c86f61ab349989566d5654
data/raw/sow_call_dataset_labeled/feeding/477-1.wav,feeding,feeding,feeding::477-1,6c77894842c4e808af8c44fa31d0aae3
data/raw/sow_call_dataset_labeled/feeding/432-1.wav,feeding,feeding,feeding::432-1,974084a1fc3e21ebb5279239c2ddfbb2
data/raw/sow_call_dataset_labeled/feeding/342-1.wav,feeding,feeding,feeding::342-1,0a8585555608f6c525e9260927c859d7
data/external/korea_raw/dry_cough/train_dry_10367.wav,cough,dry_cough,dry_cough::train_dry_10367,bb5d4273a7cd483f2adc261a6b36fe5d
data/raw/sow_call_dataset_labeled/anxious_stress/1731-3.wav,stress_vocal,anxious_stress,anxious_stress::1731-3,2fa431ddbfe582b163ed19ae6349189b
data/external/korea_raw/abdominal_cough/train_abdominal_10313.wav,cough,abdominal_cough,abdominal_cough::train_abdominal_10313,c13956b428478c5dd0c3458c16330570
data/raw/sow_call_dataset_labeled/calm_grunt/220-0.wav,calm_grunt,calm_grunt,calm_grunt::220-0,3a8f7f2ee112f7bb25ecfbfa9daf8e5a
data/raw/sow_call_dataset_labeled/frightened_stress/1033-2.wav,stress_vocal,frightened_stress,frightened_stress::1033-2,8922fbed7e0303ce8677c3bc946a39ed
data/raw/sow_call_dataset_labeled/frightened_stress/678-2.wav,stress_vocal,frightened_stress,frightened_stress::678-2,391b2f91f2a43483852b6892cfa79255
data/raw/sow_call_dataset_labeled/feeding/480-1.wav,feeding,feeding,feeding::480-1,314c5b727c3e60e13838edeb09727eb6
data/raw/sow_call_dataset_labeled/anxious_stress/1691-3.wav,stress_vocal,anxious_stress,anxious_stress::1691-3,ff6ed75be70451ec0c28fb565f81cd54
data/raw/sow_call_dataset_labeled/calm_grunt/8-0.wav,calm_grunt,calm_grunt,calm_grunt::8-0,41711fb8e7dec4ccf0bf65f20f0d80cd
data/raw/sow_call_dataset_labeled/calm_grunt/18-0.wav,calm_grunt,calm_grunt,calm_grunt::18-0,9eaa579a44ccce00c611da6d209a0b08
data/raw/sow_call_dataset_labeled/calm_grunt/136-0.wav,calm_grunt,calm_grunt,calm_grunt::136-0,a8c431bdd25b26a29385bd9f8b421b1e
data/raw/sow_call_dataset_labeled/calm_grunt/89-0.wav,calm_grunt,calm_grunt,calm_grunt::89-0,66baf7d1e6268784319cb4666f8d36fd
data/raw/sow_call_dataset_labeled/feeding/389-1.wav,feeding,feeding,feeding::389-1,43ae73622c7a2432d7d3632134dda63a
data/raw/sow_call_dataset_labeled/frightened_stress/1066-2.wav,stress_vocal,frightened_stress,frightened_stress::1066-2,c5aad55ac8c3878bfefcb3dff75741e6
data/raw/sow_call_dataset_labeled/feeding/484-1.wav,feeding,feeding,feeding::484-1,7597d17cfc4d984eaab8bc076ccdf5ea
data/raw/sow_call_dataset_labeled/feeding/333-1.wav,feeding,feeding,feeding::333-1,0bfa6b9d9f09cd316e03f373e2d3924e
data/external/korea_raw/abdominal_cough/train_abdominal_16083.wav,cough,abdominal_cough,abdominal_cough::train_abdominal_16083,30fa513d32b8a1c603067f76aaf50631
data/raw/sow_call_dataset_labeled/frightened_stress/885-2.wav,stress_vocal,frightened_stress,frightened_stress::885-2,d4a9477276d9a6e0f960ea702e87792c
data/raw/sow_call_dataset_labeled/frightened_stress/1049-2.wav,stress_vocal,frightened_stress,frightened_stress::1049-2,3f811891b633845d2746f5a8353e0a33
data/raw/sow_call_dataset_labeled/feeding/356-1.wav,feeding,feeding,feeding::356-1,1a3e666e12466df05f2f65a96d2eb51a
data/raw/sow_call_dataset_labeled/calm_grunt/5-0.wav,calm_grunt,calm_grunt,calm_grunt::5-0,184e5f63d51bee406ffd81ea495c3598
data/raw/sow_call_dataset_labeled/anxious_stress/1342-3.wav,stress_vocal,anxious_stress,anxious_stress::1342-3,7c9c665c8fe371cc0f3ba3e92b0b775f
data/raw/sow_call_dataset_labeled/frightened_stress/649-2.wav,stress_vocal,frightened_stress,frightened_stress::649-2,a79a4d5ca276050cd921a9a53451c118
data/raw/sow_call_dataset_labeled/feeding/489-1.wav,feeding,feeding,feeding::489-1,cc82b9acc5ec838472efea0356add029
data/raw/sow_call_dataset_labeled/feeding/433-1.wav,feeding,feeding,feeding::433-1,0514f0c348078231b9153dbf9d1c7c51
data/external/korea_raw/dry_cough/train_dry_17215.wav,cough,dry_cough,dry_cough::train_dry_17215,7de8d3e02d0b1fe49ade87fb918a2119
data/external/korea_raw/abdominal_cough/train_abdominal_10561.wav,cough,abdominal_cough,abdominal_cough::train_abdominal_10561,07d12568769fc1692ce1607426703a8a
data/raw/sow_call_dataset_labeled/calm_grunt/160-0.wav,calm_grunt,calm_grunt,calm_grunt::160-0,585aafd30b95328095548b132d5d5029
data/raw/sow_call_dataset_labeled/feeding/324-1.wav,feeding,feeding,feeding::324-1,247d290a4193c3f911ea011db4d5a19f
data/external/korea_raw/abdominal_cough/train_abdominal_11281.wav,cough,abdominal_cough,abdominal_cough::train_abdominal_11281,4b614028ba95082b41b1cb3b791cf3e2
data/raw/sow_call_dataset_labeled/calm_grunt/250-0.wav,calm_grunt,calm_grunt,calm_grunt::250-0,6501451456d9e85981b2e584769706d5
data/raw/sow_call_dataset_labeled/anxious_stress/1358-3.wav,stress_vocal,anxious_stress,anxious_stress::1358-3,2d25df36b23419dad4eac8cb0c26741b
data/raw/sow_call_dataset_labeled/calm_grunt/271-0.wav,calm_grunt,calm_grunt,calm_grunt::271-0,a18ae0d3100618c641ce67e1ea6c9845
data/external/korea_raw/dry_cough/train_dry_09359.wav,cough,dry_cough,dry_cough::train_dry_09359,8b3c22f4b8254d12edd2cde26f005524
data/external/korea_raw/abdominal_cough/train_abdominal_06751.wav,cough,abdominal_cough,abdominal_cough::train_abdominal_06751,1d8dba5e198d447b4483b7ae2ad71b2f
data/raw/sow_call_dataset_labeled/anxious_stress/1501-3.wav,stress_vocal,anxious_stress,anxious_stress::1501-3,c247da5e070278e31a3fd40fc0dcad64
data/raw/sow_call_dataset_labeled/frightened_stress/674-2.wav,stress_vocal,frightened_stress,frightened_stress::674-2,237bd319a3eff8a766d0142cf9291440
data/raw/sow_call_dataset_labeled/calm_grunt/233-0.wav,calm_grunt,calm_grunt,calm_grunt::233-0,d9c5180809103e369193831d0281871e
data/external/korea_raw/dry_cough/train_dry_09210.wav,cough,dry_cough,dry_cough::train_dry_09210,9de80a8a95e5bc4aef12895fcf341d91
data/raw/sow_call_dataset_labeled/feeding/467-1.wav,feeding,feeding,feeding::467-1,0a4ddc3acf2ea1d8fa2961114ab61465
data/external/korea_raw/abdominal_cough/train_abdominal_02656.wav,cough,abdominal_cough,abdominal_cough::train_abdominal_02656,f5efa1e61eff5deec87b1cc0ab82ca9c
data/raw/sow_call_dataset_labeled/calm_grunt/34-0.wav,calm_grunt,calm_grunt,calm_grunt::34-0,4f32e2f063cf81e265b8e2b83d019175
data/raw/sow_call_dataset_labeled/anxious_stress/1476-3.wav,stress_vocal,anxious_stress,anxious_stress::1476-3,3a7221fd9f1cdb4bd3f9ae1c07261066
data/external/korea_raw/abdominal_cough/train_abdominal_10071.wav,cough,abdominal_cough,abdominal_cough::train_abdominal_10071,f63ae17a9174d6c99fef8b69313161f9
data/external/korea_raw/dry_cough/train_dry_15590.wav,cough,dry_cough,dry_cough::train_dry_15590,cdf12a5955784e98d75ff9fe8c840715
data/raw/sow_call_dataset_labeled/feeding/299-1.wav,feeding,feeding,feeding::299-1,b4e7f0d62808831d0dd55fd5b4a9ef2a
data/raw/sow_call_dataset_labeled/calm_grunt/214-0.wav,calm_grunt,calm_grunt,calm_grunt::214-0,9d4fe5cc120030d36ea8194923dcd76d
data/raw/sow_call_dataset_labeled/anxious_stress/1408-3.wav,stress_vocal,anxious_stress,anxious_stress::1408-3,724eedd1fbb9ceceb5817071bd279fe1
data/external/korea_raw/dry_cough/train_dry_05642.wav,cough,dry_cough,dry_cough::train_dry_05642,88d7f4aa29a5020b78bb91ee3a01937f
data/external/korea_raw/dry_cough/train_dry_02549.wav,cough,dry_cough,dry_cough::train_dry_02549,64208fe47afb71e2af173ca241d0bb1c
data/raw/sow_call_dataset_labeled/calm_grunt/97-0.wav,calm_grunt,calm_grunt,calm_grunt::97-0,680ee7d8a1df411422fc389c804f0d56
data/raw/sow_call_dataset_labeled/calm_grunt/142-0.wav,calm_grunt,calm_grunt,calm_grunt::142-0,c549a91a9505158b9f6442db3dcff4e4
data/raw/sow_call_dataset_labeled/feeding/385-1.wav,feeding,feeding,feeding::385-1,9fe1b1d16ab7b011126eec1b974d15be
data/raw/sow_call_dataset_labeled/feeding/399-1.wav,feeding,feeding,feeding::399-1,48cf353f7ec7b595326862ac160f0ad7
data/raw/sow_call_dataset_labeled/calm_grunt/126-0.wav,calm_grunt,calm_grunt,calm_grunt::126-0,36fb7ca69b77d3439d07d4eed5009620
data/external/korea_raw/dry_cough/train_dry_14793.wav,cough,dry_cough,dry_cough::train_dry_14793,c8ea656fcefdf869d8b95d974184e08a
data/raw/sow_call_dataset_labeled/calm_grunt/133-0.wav,calm_grunt,calm_grunt,calm_grunt::133-0,4d295214452277e46a9aa9d386bf4466
data/raw/sow_call_dataset_labeled/feeding/481-1.wav,feeding,feeding,feeding::481-1,b007ee89845c4ce9e42137adcf752d50
data/raw/sow_call_dataset_labeled/frightened_stress/610-2.wav,stress_vocal,frightened_stress,frightened_stress::610-2,1dbb41ba7b61cee3da6809ccba0708d9
data/raw/sow_call_dataset_labeled/frightened_stress/663-2.wav,stress_vocal,frightened_stress,frightened_stress::663-2,41163b88d4418338432cd35238ebc126
data/raw/sow_call_dataset_labeled/feeding/427-1.wav,feeding,feeding,feeding::427-1,fb79ad436b991a7f85596c6e029a1a41
data/external/korea_raw/abdominal_cough/train_abdominal_04226.wav,cough,abdominal_cough,abdominal_cough::train_abdominal_04226,ac881d2fb480edc6f25e9ad7f3eec2fd
data/raw/sow_call_dataset_labeled/feeding/447-1.wav,feeding,feeding,feeding::447-1,b30c4fb8e9c0ecddb1f6f7bae516aacc
data/external/korea_raw/abdominal_cough/train_abdominal_08707.wav,cough,abdominal_cough,abdominal_cough::train_abdominal_08707,49834010073dc8e988d25d1d5cdd3df2
data/raw/sow_call_dataset_labeled/calm_grunt/257-0.wav,calm_grunt,calm_grunt,calm_grunt::257-0,ae6e6c2b55601094a8bedb9f673c8981
data/raw/sow_call_dataset_labeled/frightened_stress/852-2.wav,stress_vocal,frightened_stress,frightened_stress::852-2,21b015fa4fd3fb2c9e5497bc15731e9f
data/external/korea_raw/dry_cough/train_dry_13664.wav,cough,dry_cough,dry_cough::train_dry_13664,eb525e042197598202c8948e49a880b4
data/raw/sow_call_dataset_labeled/calm_grunt/148-0.wav,calm_grunt,calm_grunt,calm_grunt::148-0,00e146b24fd459e3f6e2e9469eebe4c4
data/raw/sow_call_dataset_labeled/calm_grunt/98-0.wav,calm_grunt,calm_grunt,calm_grunt::98-0,954dd3b1af4b37c8912b182e03939411
data/external/korea_raw/abdominal_cough/train_abdominal_08844.wav,cough,abdominal_cough,abdominal_cough::train_abdominal_08844,09a7e2b6c43db15f8d7811cee11765a2
data/raw/sow_call_dataset_labeled/feeding/422-1.wav,feeding,feeding,feeding::422-1,ad0e6cc5f381d90941387e48ac3c90e5
data/external/korea_raw/abdominal_cough/train_abdominal_16429.wav,cough,abdominal_cough,abdominal_cough::train_abdominal_16429,89bcd1f7bcfd5c0d3850c0d8d7a77682
data/raw/sow_call_dataset_labeled/calm_grunt/41-0.wav,calm_grunt,calm_grunt,calm_grunt::41-0,94239e8884aab501213e8430fd729d4c
data/raw/sow_call_dataset_labeled/feeding/462-1.wav,feeding,feeding,feeding::462-1,bf71b3916b50f93bb618bec575df25d0
data/raw/sow_call_dataset_labeled/frightened_stress/1097-2.wav,stress_vocal,frightened_stress,frightened_stress::1097-2,ed2ae6e50796bc60c0fc3340b0d52194
data/external/korea_raw/abdominal_cough/train_abdominal_07651.wav,cough,abdominal_cough,abdominal_cough::train_abdominal_07651,67238dcc692c9c81366abd4c8add6820
data/raw/sow_call_dataset_labeled/anxious_stress/1398-3.wav,stress_vocal,anxious_stress,anxious_stress::1398-3,7242b3d9779aec13bfa18586dd9e5fd2
data/raw/sow_call_dataset_labeled/anxious_stress/1359-3.wav,stress_vocal,anxious_stress,anxious_stress::1359-3,18b5dc855acc6b3ee7d7d2daae3afaa4
data/raw/sow_call_dataset_labeled/feeding/295-1.wav,feeding,feeding,feeding::295-1,5b7d23076ddb899174919898f60539a0
data/raw/sow_call_dataset_labeled/calm_grunt/278-0.wav,calm_grunt,calm_grunt,calm_grunt::278-0,b93c65e1cdec3bc3d1b5b5afd7c21f32
data/raw/sow_call_dataset_labeled/frightened_stress/1171-2.wav,stress_vocal,frightened_stress,frightened_stress::1171-2,64ef37d95d511811df573ccdf49db27d
data/raw/sow_call_dataset_labeled/feeding/450-1.wav,feeding,feeding,feeding::450-1,bc065f180cb630a91527ce179b70c6f9
data/raw/sow_call_dataset_labeled/feeding/330-1.wav,feeding,feeding,feeding::330-1,4da99197dc538d33527486865e637808
data/raw/sow_call_dataset_labeled/calm_grunt/62-0.wav,calm_grunt,calm_grunt,calm_grunt::62-0,d90c9b2a93a20ca126f10a146b401108
data/raw/sow_call_dataset_labeled/feeding/349-1.wav,feeding,feeding,feeding::349-1,2657173904c5bc2cd4bcfa54b131d4e8
data/raw/sow_call_dataset_labeled/anxious_stress/1477-3.wav,stress_vocal,anxious_stress,anxious_stress::1477-3,a2127a315a912d4751c45954ef082740
data/external/korea_raw/abdominal_cough/train_abdominal_08344.wav,cough,abdominal_cough,abdominal_cough::train_abdominal_08344,3a4f9acbcec26082cc358251fd636b36
data/raw/sow_call_dataset_labeled/calm_grunt/27-0.wav,calm_grunt,calm_grunt,calm_grunt::27-0,bcaed375c62e2835e9757790a1fcbfc0
data/external/korea_raw/dry_cough/train_dry_17628.wav,cough,dry_cough,dry_cough::train_dry_17628,549df2ec6f164c2b2000b47674bac841
data/raw/sow_call_dataset_labeled/calm_grunt/35-0.wav,calm_grunt,calm_grunt,calm_grunt::35-0,bce14de9ae101013d89c90c1a29bb636
data/external/korea_raw/abdominal_cough/train_abdominal_02305.wav,cough,abdominal_cough,abdominal_cough::train_abdominal_02305,802c3c06a9ed989a83e4990344122a04
data/raw/sow_call_dataset_labeled/calm_grunt/205-0.wav,calm_grunt,calm_grunt,calm_grunt::205-0,2cd630faf6c3691cc36e5e2937d485c9
data/raw/sow_call_dataset_labeled/calm_grunt/203-0.wav,calm_grunt,calm_grunt,calm_grunt::203-0,56bec254938be09b4bf80e3664356e95
data/raw/sow_call_dataset_labeled/calm_grunt/165-0.wav,calm_grunt,calm_grunt,calm_grunt::165-0,58f3af1d9665f4501de1c256ac27087d
data/external/korea_raw/dry_cough/train_dry_12342.wav,cough,dry_cough,dry_cough::train_dry_12342,be5b9785349c0ba7847119f6859671bc
data/external/korea_raw/abdominal_cough/train_abdominal_12771.wav,cough,abdominal_cough,abdominal_cough::train_abdominal_12771,ac6a2a8692cb37ef4ab4ff6692716330
data/external/korea_raw/abdominal_cough/train_abdominal_15424.wav,cough,abdominal_cough,abdominal_cough::train_abdominal_15424,fcb96bfa7f5d6be8fa638f61e21fdfe5
data/external/korea_raw/dry_cough/train_dry_09083.wav,cough,dry_cough,dry_cough::train_dry_09083,fd647e17933100497aec1347d1c67e26
data/raw/sow_call_dataset_labeled/anxious_stress/1674-3.wav,stress_vocal,anxious_stress,anxious_stress::1674-3,0a0c176133c9e5731573958b21c1f7c9
data/raw/sow_call_dataset_labeled/calm_grunt/251-0.wav,calm_grunt,calm_grunt,calm_grunt::251-0,c0f8ff4583e17d7a26d397f7d7b0a2f7
data/external/korea_raw/dry_cough/train_dry_12111.wav,cough,dry_cough,dry_cough::train_dry_12111,f59c8ec794987b22feab4606c5b457ec
data/raw/sow_call_dataset_labeled/anxious_stress/1387-3.wav,stress_vocal,anxious_stress,anxious_stress::1387-3,869103de094f3bceee940db5eff32bde
data/raw/sow_call_dataset_labeled/calm_grunt/163-0.wav,calm_grunt,calm_grunt,calm_grunt::163-0,5695337a3756b87cd039848c7ee34d5d
data/external/korea_raw/dry_cough/train_dry_11727.wav,cough,dry_cough,dry_cough::train_dry_11727,fc93924539d8087a01f3402a5a8c7d0b
data/raw/sow_call_dataset_labeled/calm_grunt/265-0.wav,calm_grunt,calm_grunt,calm_grunt::265-0,eee465e9b4a8dfc6167fffcdb7a19874
data/external/korea_raw/abdominal_cough/train_abdominal_07806.wav,cough,abdominal_cough,abdominal_cough::train_abdominal_07806,c3a126a94bddfdd955e8fad5c1655596
data/external/korea_raw/abdominal_cough/train_abdominal_11812.wav,cough,abdominal_cough,abdominal_cough::train_abdominal_11812,e59abd80bf7f993ea1243fead4476266
data/raw/sow_call_dataset_labeled/anxious_stress/1649-3.wav,stress_vocal,anxious_stress,anxious_stress::1649-3,8ef7b5c15e374567562265858e5d7ed1
data/raw/sow_call_dataset_labeled/frightened_stress/530-2.wav,stress_vocal,frightened_stress,frightened_stress::530-2,7be28f5a312561e03965b42837d31e7c
data/raw/sow_call_dataset_labeled/anxious_stress/1345-3.wav,stress_vocal,anxious_stress,anxious_stress::1345-3,a3dde1b20076ee169519db2c15cc1a80
data/raw/sow_call_dataset_labeled/calm_grunt/190-0.wav,calm_grunt,calm_grunt,calm_grunt::190-0,3112608a8fe28d6b9300dfe355a531d3
data/raw/sow_call_dataset_labeled/feeding/406-1.wav,feeding,feeding,feeding::406-1,bf2cba2c96bb0cc4a444e2aed3985121
data/raw/sow_call_dataset_labeled/anxious_stress/1463-3.wav,stress_vocal,anxious_stress,anxious_stress::1463-3,ff7d27c276150d4cc3045178a12bc0f9
data/raw/sow_call_dataset_labeled/anxious_stress/1625-3.wav,stress_vocal,anxious_stress,anxious_stress::1625-3,7226751bd09a0c48f1b1e1be7e909bbe
data/raw/sow_call_dataset_labeled/feeding/421-1.wav,feeding,feeding,feeding::421-1,9043d5e83aa02394c49d214b6dac8556
data/raw/sow_call_dataset_labeled/calm_grunt/0-0.wav,calm_grunt,calm_grunt,calm_grunt::0-0,375a9f28f51a47761e2685a85bf05fd5
data/raw/sow_call_dataset_labeled/anxious_stress/1774-3.wav,stress_vocal,anxious_stress,anxious_stress::1774-3,3f8bb12f8418f03ecefeb58a2d5091b4
data/raw/sow_call_dataset_labeled/calm_grunt/96-0.wav,calm_grunt,calm_grunt,calm_grunt::96-0,922ad2a22700db83ab93e2ac90751a28
data/raw/sow_call_dataset_labeled/calm_grunt/131-0.wav,calm_grunt,calm_grunt,calm_grunt::131-0,cf68c0c0bf113b5e3a55e1267ed9015a
data/raw/sow_call_dataset_labeled/feeding/382-1.wav,feeding,feeding,feeding::382-1,6900556222b8dc7174fb2b5d5e1d09ac
data/raw/sow_call_dataset_labeled/anxious_stress/1616-3.wav,stress_vocal,anxious_stress,anxious_stress::1616-3,6063d92c24fe5f2476915494d06f6c8a
data/raw/sow_call_dataset_labeled/frightened_stress/1115-2.wav,stress_vocal,frightened_stress,frightened_stress::1115-2,7c81bc3d8915b3abe56ffc9f32e9c549
data/raw/sow_call_dataset_labeled/feeding/326-1.wav,feeding,feeding,feeding::326-1,68271e05998f6bb287503513fa9477b1
data/external/korea_raw/dry_cough/train_dry_05000.wav,cough,dry_cough,dry_cough::train_dry_05000,bd234c9a2754021a2ce71bb4a77bb31c
data/raw/sow_call_dataset_labeled/frightened_stress/866-2.wav,stress_vocal,frightened_stress,frightened_stress::866-2,734a1b4d9ffa1132655a217f3665562f
data/raw/sow_call_dataset_labeled/anxious_stress/1525-3.wav,stress_vocal,anxious_stress,anxious_stress::1525-3,7f693d8072e9c362a5633cc3ba76f721
data/raw/sow_call_dataset_labeled/calm_grunt/155-0.wav,calm_grunt,calm_grunt,calm_grunt::155-0,68510d2282aa7349ec4e06faa0638875
data/raw/sow_call_dataset_labeled/calm_grunt/109-0.wav,calm_grunt,calm_grunt,calm_grunt::109-0,c5ebec44a75a0f3fbfc14f1d52167d36
data/raw/sow_call_dataset_labeled/feeding/394-1.wav,feeding,feeding,feeding::394-1,3c8dbefeea47372c1ec5524c8ebb051f
data/raw/sow_call_dataset_labeled/feeding/303-1.wav,feeding,feeding,feeding::303-1,2f165ffed6e53698818b2ababac7067d
data/raw/sow_call_dataset_labeled/frightened_stress/1063-2.wav,stress_vocal,frightened_stress,frightened_stress::1063-2,a7e2073c043365484b8a8e53a336da67
data/external/korea_raw/abdominal_cough/train_abdominal_17396.wav,cough,abdominal_cough,abdominal_cough::train_abdominal_17396,51e4f38aa59721ad88f5e0a97de428e1
data/external/korea_raw/dry_cough/train_dry_08806.wav,cough,dry_cough,dry_cough::train_dry_08806,8d0e3c59633e204549976b3d6a8ae2e7
data/external/korea_raw/dry_cough/train_dry_14791.wav,cough,dry_cough,dry_cough::train_dry_14791,9056ad71d7cd44d3c9d0f9372cf7f9b4
data/raw/sow_call_dataset_labeled/frightened_stress/522-2.wav,stress_vocal,frightened_stress,frightened_stress::522-2,235cf58175af868e78db388aab0c4ef7
data/raw/sow_call_dataset_labeled/feeding/362-1.wav,feeding,feeding,feeding::362-1,b3e4cd2d5cf837b812811f490fed3fb1
data/raw/sow_call_dataset_labeled/calm_grunt/218-0.wav,calm_grunt,calm_grunt,calm_grunt::218-0,b3d8482fce8b5eaa3e2cb020780d332e
data/external/korea_raw/dry_cough/train_dry_17231.wav,cough,dry_cough,dry_cough::train_dry_17231,414bbf0cced84b1b83253974ff72e055
data/raw/sow_call_dataset_labeled/feeding/288-1.wav,feeding,feeding,feeding::288-1,afb9ba311c29eb6543ac849e5b6bf4ec
data/external/korea_raw/dry_cough/train_dry_02492.wav,cough,dry_cough,dry_cough::train_dry_02492,8616387cd4850e76255d776a97bf32c7
data/raw/sow_call_dataset_labeled/frightened_stress/590-2.wav,stress_vocal,frightened_stress,frightened_stress::590-2,6f502037e7690cfbf9a190cb821a3ff7
data/external/korea_raw/abdominal_cough/train_abdominal_12145.wav,cough,abdominal_cough,abdominal_cough::train_abdominal_12145,54f2694759401e7fcf2776dcc34a5bee
data/external/korea_raw/dry_cough/train_dry_04749.wav,cough,dry_cough,dry_cough::train_dry_04749,8a8f70952d93b03fcfb3b190ff8f094f
data/raw/sow_call_dataset_labeled/anxious_stress/1334-3.wav,stress_vocal,anxious_stress,anxious_stress::1334-3,11d045bea6c3d64015b13638a7d53109
data/raw/sow_call_dataset_labeled/frightened_stress/545-2.wav,stress_vocal,frightened_stress,frightened_stress::545-2,dbd2b93058697e8798c91b69c72ce88f
data/raw/sow_call_dataset_labeled/frightened_stress/887-2.wav,stress_vocal,frightened_stress,frightened_stress::887-2,36d2f03519aad0dc3c6d70f418bede2d
data/raw/sow_call_dataset_labeled/anxious_stress/1452-3.wav,stress_vocal,anxious_stress,anxious_stress::1452-3,863eeac0b9ddb7b6f0040a6c94e9fb0e
data/raw/sow_call_dataset_labeled/feeding/390-1.wav,feeding,feeding,feeding::390-1,4725891471a1209a270309bee70702e3
data/external/korea_raw/abdominal_cough/train_abdominal_17672.wav,cough,abdominal_cough,abdominal_cough::train_abdominal_17672,f15a33f36baf2b8e736629781a6abc75
data/raw/sow_call_dataset_labeled/feeding/361-1.wav,feeding,feeding,feeding::361-1,13d1f3cf7c5d7fa020d56722c9a5d04f
data/raw/sow_call_dataset_labeled/feeding/437-1.wav,feeding,feeding,feeding::437-1,be99e647f476cf2c6ac3f445451f8d5a
data/raw/sow_call_dataset_labeled/calm_grunt/253-0.wav,calm_grunt,calm_grunt,calm_grunt::253-0,88f53ffdc813ee27215e3d68cababb72
data/external/korea_raw/dry_cough/train_dry_14634.wav,cough,dry_cough,dry_cough::train_dry_14634,a586b559c5ae034e86797c74535f2c04
data/raw/sow_call_dataset_labeled/calm_grunt/30-0.wav,calm_grunt,calm_grunt,calm_grunt::30-0,47f4d04147bb5f6297586ad9b7c78617
data/raw/sow_call_dataset_labeled/anxious_stress/1611-3.wav,stress_vocal,anxious_stress,anxious_stress::1611-3,524893c75515e44200d4a27a04f9ecb9
data/external/korea_raw/abdominal_cough/train_abdominal_11795.wav,cough,abdominal_cough,abdominal_cough::train_abdominal_11795,54a0e55b605b972b078b1806cf560a27
data/raw/sow_call_dataset_labeled/frightened_stress/1119-2.wav,stress_vocal,frightened_stress,frightened_stress::1119-2,dbf530a6115ead74f6acce6a5f662993
data/raw/sow_call_dataset_labeled/frightened_stress/956-2.wav,stress_vocal,frightened_stress,frightened_stress::956-2,a2f11f77896f78aec732cf63904adf77
data/raw/sow_call_dataset_labeled/calm_grunt/15-0.wav,calm_grunt,calm_grunt,calm_grunt::15-0,2a7999d020506533e0d32cec99d994e5
data/external/korea_raw/abdominal_cough/train_abdominal_02829.wav,cough,abdominal_cough,abdominal_cough::train_abdominal_02829,51f68afc0cf3e1b31fc0945933880196
data/raw/sow_call_dataset_labeled/calm_grunt/104-0.wav,calm_grunt,calm_grunt,calm_grunt::104-0,9fe2375684f875d4716d2ae198df732a
data/external/korea_raw/dry_cough/train_dry_12034.wav,cough,dry_cough,dry_cough::train_dry_12034,26cb2e433060298591d5d8e4673ea25c
data/raw/sow_call_dataset_labeled/frightened_stress/892-2.wav,stress_vocal,frightened_stress,frightened_stress::892-2,3c829e4ba5b7c38d275900ca87554d48
data/raw/sow_call_dataset_labeled/calm_grunt/238-0.wav,calm_grunt,calm_grunt,calm_grunt::238-0,f478ed184359768e743cab6a4486a233
data/raw/sow_call_dataset_labeled/feeding/449-1.wav,feeding,feeding,feeding::449-1,3298ab3407263f3363dc1f15956987d4
data/raw/sow_call_dataset_labeled/calm_grunt/57-0.wav,calm_grunt,calm_grunt,calm_grunt::57-0,b1070595d9d0fc4de608834702dee405
data/external/korea_raw/abdominal_cough/train_abdominal_11347.wav,cough,abdominal_cough,abdominal_cough::train_abdominal_11347,16ccdbf19f44097b4d05f7cd9929456c
data/raw/sow_call_dataset_labeled/calm_grunt/45-0.wav,calm_grunt,calm_grunt,calm_grunt::45-0,22dcae03a58d251658fdbf32680b3aae
data/raw/sow_call_dataset_labeled/frightened_stress/698-2.wav,stress_vocal,frightened_stress,frightened_stress::698-2,e24b043625e14bfa89620326f06b0393
data/raw/sow_call_dataset_labeled/calm_grunt/49-0.wav,calm_grunt,calm_grunt,calm_grunt::49-0,2cdbc8650747ff388dc59ad7391c7f52
data/raw/sow_call_dataset_labeled/calm_grunt/252-0.wav,calm_grunt,calm_grunt,calm_grunt::252-0,2425faf6d72ec8f1cfb27af49a442721
data/raw/sow_call_dataset_labeled/anxious_stress/1438-3.wav,stress_vocal,anxious_stress,anxious_stress::1438-3,44bb23e951158b4705b894aebb0e40cc
data/raw/sow_call_dataset_labeled/calm_grunt/248-0.wav,calm_grunt,calm_grunt,calm_grunt::248-0,9cb39dc7063c0421869a073fd58d9198
data/raw/sow_call_dataset_labeled/feeding/446-1.wav,feeding,feeding,feeding::446-1,d2dd4178d1540ac8a668455b12226ca4
data/raw/sow_call_dataset_labeled/anxious_stress/1738-3.wav,stress_vocal,anxious_stress,anxious_stress::1738-3,ad7a0d5de7477a9d5d43b2bd260d645e
data/raw/sow_call_dataset_labeled/feeding/380-1.wav,feeding,feeding,feeding::380-1,01a3985ce7ade1904958198d2b519df9
data/raw/sow_call_dataset_labeled/feeding/352-1.wav,feeding,feeding,feeding::352-1,372df451b0dfb2dabf66a630db6d51a8
data/raw/sow_call_dataset_labeled/anxious_stress/1422-3.wav,stress_vocal,anxious_stress,anxious_stress::1422-3,01f9891a3e4465b442eb23655620dc44
data/external/korea_raw/abdominal_cough/train_abdominal_00976.wav,cough,abdominal_cough,abdominal_cough::train_abdominal_00976,482167f50b0581254cf3db0cbf02e6d8
data/raw/sow_call_dataset_labeled/frightened_stress/1209-2.wav,stress_vocal,frightened_stress,frightened_stress::1209-2,3baf4e67fb0a728b8ee9e7ea08e3771e
data/raw/sow_call_dataset_labeled/anxious_stress/1568-3.wav,stress_vocal,anxious_stress,anxious_stress::1568-3,e018c4fa5f3c8001ed4463eaafb43d89
data/raw/sow_call_dataset_labeled/calm_grunt/256-0.wav,calm_grunt,calm_grunt,calm_grunt::256-0,1f2e9b5051e2e11f4caf65e4711d5153
data/raw/sow_call_dataset_labeled/calm_grunt/48-0.wav,calm_grunt,calm_grunt,calm_grunt::48-0,b41f604834b00870263916ad9d8c5bd2
data/raw/sow_call_dataset_labeled/feeding/318-1.wav,feeding,feeding,feeding::318-1,30f8094e9c5d98eed063c98652cde3da
data/raw/sow_call_dataset_labeled/calm_grunt/95-0.wav,calm_grunt,calm_grunt,calm_grunt::95-0,249182746eda1f6ae5b6132502824072
data/raw/sow_call_dataset_labeled/feeding/286-1.wav,feeding,feeding,feeding::286-1,712758ba5d569910205e56018db468c7
data/raw/sow_call_dataset_labeled/feeding/291-1.wav,feeding,feeding,feeding::291-1,200bbc46ecb4a69d9ede8ad6588e1439
data/raw/sow_call_dataset_labeled/anxious_stress/1744-3.wav,stress_vocal,anxious_stress,anxious_stress::1744-3,b4e4ec74a1594ec9a0847e954976938a
data/raw/sow_call_dataset_labeled/calm_grunt/272-0.wav,calm_grunt,calm_grunt,calm_grunt::272-0,2f3bff798f177940ef46e64387c73024
data/raw/sow_call_dataset_labeled/anxious_stress/1605-3.wav,stress_vocal,anxious_stress,anxious_stress::1605-3,d00d3eff72ca4b7613786b14cb3408a2
data/raw/sow_call_dataset_labeled/calm_grunt/143-0.wav,calm_grunt,calm_grunt,calm_grunt::143-0,104570f987d8429833a2ab9dd0ce716c
data/raw/sow_call_dataset_labeled/feeding/407-1.wav,feeding,feeding,feeding::407-1,194745edca2b4ea2108f74e6798de76b
data/raw/sow_call_dataset_labeled/calm_grunt/276-0.wav,calm_grunt,calm_grunt,calm_grunt::276-0,f2b0a0f6b7af7d82f79a6d1194c48d0f
data/raw/sow_call_dataset_labeled/anxious_stress/1556-3.wav,stress_vocal,anxious_stress,anxious_stress::1556-3,28152f2112af9ff6fcd8010082172b71
data/external/korea_raw/dry_cough/train_dry_10945.wav,cough,dry_cough,dry_cough::train_dry_10945,347f03695b4d8293fbb0cba67ced81cd
data/external/korea_raw/abdominal_cough/train_abdominal_05297.wav,cough,abdominal_cough,abdominal_cough::train_abdominal_05297,166ee104b86d2398f208b7421e01f96c
data/external/korea_raw/dry_cough/train_dry_06162.wav,cough,dry_cough,dry_cough::train_dry_06162,84f825b34753e6eb643ccd97c00552b5
data/external/korea_raw/abdominal_cough/train_abdominal_02792.wav,cough,abdominal_cough,abdominal_cough::train_abdominal_02792,df5612b841cc830deb861e3e37bffd82
data/raw/sow_call_dataset_labeled/anxious_stress/1436-3.wav,stress_vocal,anxious_stress,anxious_stress::1436-3,199588eea54a0d180c406420eabd8584
data/raw/sow_call_dataset_labeled/feeding/419-1.wav,feeding,feeding,feeding::419-1,9f8d88a474814ee5ee13a21e5fd9b2bc
data/raw/sow_call_dataset_labeled/frightened_stress/809-2.wav,stress_vocal,frightened_stress,frightened_stress::809-2,60adaca724f5caf2590a8cfb28d41e6d
data/external/korea_raw/abdominal_cough/train_abdominal_09464.wav,cough,abdominal_cough,abdominal_cough::train_abdominal_09464,a255d12b624d2346553b09751419a141
data/raw/sow_call_dataset_labeled/anxious_stress/1300-3.wav,stress_vocal,anxious_stress,anxious_stress::1300-3,e7862eaf6b922edcf1fca5c3690b8986
data/raw/sow_call_dataset_labeled/anxious_stress/1383-3.wav,stress_vocal,anxious_stress,anxious_stress::1383-3,b3b31954241bce03f5720874592aee72
data/raw/sow_call_dataset_labeled/calm_grunt/53-0.wav,calm_grunt,calm_grunt,calm_grunt::53-0,49f148536ed92661682626c3d068b2a1
data/raw/sow_call_dataset_labeled/anxious_stress/1694-3.wav,stress_vocal,anxious_stress,anxious_stress::1694-3,4cadeb71267741745df4bb50bad5fc80
data/raw/sow_call_dataset_labeled/feeding/353-1.wav,feeding,feeding,feeding::353-1,905c0187f9de6184aa95b59f59fc15bf
data/raw/sow_call_dataset_labeled/calm_grunt/47-0.wav,calm_grunt,calm_grunt,calm_grunt::47-0,4a7e1002c7f95f4403917d25cf50d568
data/raw/sow_call_dataset_labeled/calm_grunt/68-0.wav,calm_grunt,calm_grunt,calm_grunt::68-0,377469de97febd7d745681dae8bbd346
data/raw/sow_call_dataset_labeled/feeding/454-1.wav,feeding,feeding,feeding::454-1,499b117082cd39b3687106b8472ee1cb
data/external/korea_raw/abdominal_cough/train_abdominal_17504.wav,cough,abdominal_cough,abdominal_cough::train_abdominal_17504,3111589654f1624c9df1d4605998240c
data/raw/sow_call_dataset_labeled/feeding/411-1.wav,feeding,feeding,feeding::411-1,34ffe8b85e2dd2ea42fae8d315374606
data/raw/sow_call_dataset_labeled/calm_grunt/36-0.wav,calm_grunt,calm_grunt,calm_grunt::36-0,0ce6650382a9a2f45646d9903141f1d5
data/raw/sow_call_dataset_labeled/frightened_stress/695-2.wav,stress_vocal,frightened_stress,frightened_stress::695-2,a25da4ef9201e8490a6c1ef12cc24129
data/raw/sow_call_dataset_labeled/feeding/306-1.wav,feeding,feeding,feeding::306-1,6f1bf65ed6d3e36ad0c51596d8652df0
data/external/korea_raw/abdominal_cough/train_abdominal_00796.wav,cough,abdominal_cough,abdominal_cough::train_abdominal_00796,a517ff4db5fe15bc857964d89c4dea36
data/raw/sow_call_dataset_labeled/feeding/391-1.wav,feeding,feeding,feeding::391-1,b99302165df14f65175d2cab1743f0c0
data/raw/sow_call_dataset_labeled/calm_grunt/23-0.wav,calm_grunt,calm_grunt,calm_grunt::23-0,adb2d0cf4b2f93a03129f78bf528fe41
data/raw/sow_call_dataset_labeled/anxious_stress/1741-3.wav,stress_vocal,anxious_stress,anxious_stress::1741-3,da5cc981ede28cc61548f37d0dd6ab74
data/raw/sow_call_dataset_labeled/feeding/483-1.wav,feeding,feeding,feeding::483-1,c65e80d22ec508313e9937a7f9dd4002
data/raw/sow_call_dataset_labeled/feeding/441-1.wav,feeding,feeding,feeding::441-1,654127297dca8be92e024fe6823bc124
data/raw/sow_call_dataset_labeled/feeding/341-1.wav,feeding,feeding,feeding::341-1,fc4c99ec81adb9346e647e4c526c206e
data/raw/sow_call_dataset_labeled/feeding/290-1.wav,feeding,feeding,feeding::290-1,9adab107d786b6f8ea534882e9e386eb
data/raw/sow_call_dataset_labeled/feeding/355-1.wav,feeding,feeding,feeding::355-1,92852d0b9cb15d83bc32ce24b43cd421
data/raw/sow_call_dataset_labeled/feeding/321-1.wav,feeding,feeding,feeding::321-1,09b3ffe59b3de4c1fad3e875d3de4e0d
data/raw/sow_call_dataset_labeled/calm_grunt/274-0.wav,calm_grunt,calm_grunt,calm_grunt::274-0,867a0d742da7dc4ab82703565363efca
data/raw/sow_call_dataset_labeled/feeding/282-1.wav,feeding,feeding,feeding::282-1,fdac4087bb2a66422727928f7cbb2585
data/external/korea_raw/dry_cough/train_dry_07123.wav,cough,dry_cough,dry_cough::train_dry_07123,e37ab577448a4bfc32f582cd35004ed1
data/external/korea_raw/dry_cough/train_dry_02874.wav,cough,dry_cough,dry_cough::train_dry_02874,c77ef000ae8207f1fb9ffcca4ebd79c9
data/raw/sow_call_dataset_labeled/feeding/329-1.wav,feeding,feeding,feeding::329-1,f92e2fd2198d3aacf27867335f52c183
data/raw/sow_call_dataset_labeled/feeding/334-1.wav,feeding,feeding,feeding::334-1,6d4e3f890abd1b39675ab539c08999df
data/external/korea_raw/dry_cough/train_dry_17197.wav,cough,dry_cough,dry_cough::train_dry_17197,a81227276c0cb075353c856ae7e0af41
data/raw/sow_call_dataset_labeled/calm_grunt/11-0.wav,calm_grunt,calm_grunt,calm_grunt::11-0,0a26d1a5d9b06f2ee20f968fdbf75a38
data/raw/sow_call_dataset_labeled/anxious_stress/1484-3.wav,stress_vocal,anxious_stress,anxious_stress::1484-3,464af6968d164841f993090ec605a107
data/raw/sow_call_dataset_labeled/anxious_stress/1777-3.wav,stress_vocal,anxious_stress,anxious_stress::1777-3,8c25af4b7b10e82ca566df1c08e21410
data/external/korea_raw/dry_cough/train_dry_07999.wav,cough,dry_cough,dry_cough::train_dry_07999,4bcc8d92055b679105e93da203cd9111
data/raw/sow_call_dataset_labeled/frightened_stress/988-2.wav,stress_vocal,frightened_stress,frightened_stress::988-2,e3f63486bc9dd011d4c42a02e2ab82eb
data/raw/sow_call_dataset_labeled/calm_grunt/145-0.wav,calm_grunt,calm_grunt,calm_grunt::145-0,04f058424b4160ef96d8f7aaf48e4e4d
data/raw/sow_call_dataset_labeled/anxious_stress/1471-3.wav,stress_vocal,anxious_stress,anxious_stress::1471-3,ed129f6416e1cbbabfb2990dc4759456
data/raw/sow_call_dataset_labeled/feeding/461-1.wav,feeding,feeding,feeding::461-1,81b6b443e611971e62ee7f480b5e80b8
data/raw/sow_call_dataset_labeled/anxious_stress/1607-3.wav,stress_vocal,anxious_stress,anxious_stress::1607-3,c5045d368be43a881000710c3d26ac3f
data/raw/sow_call_dataset_labeled/anxious_stress/1322-3.wav,stress_vocal,anxious_stress,anxious_stress::1322-3,bcb5e150262c4be88430ca76d92b0dbe
data/raw/sow_call_dataset_labeled/calm_grunt/79-0.wav,calm_grunt,calm_grunt,calm_grunt::79-0,52b99ac4f5bb1cf978f5a1ee4e0d889b
data/raw/sow_call_dataset_labeled/calm_grunt/235-0.wav,calm_grunt,calm_grunt,calm_grunt::235-0,5a637040805adf4d5b682a6dfc3bd031
data/raw/sow_call_dataset_labeled/calm_grunt/91-0.wav,calm_grunt,calm_grunt,calm_grunt::91-0,cee17336c428ff1a2871511627e221ac
data/raw/sow_call_dataset_labeled/calm_grunt/16-0.wav,calm_grunt,calm_grunt,calm_grunt::16-0,70ad9a345ca99a8cd313e9fd3c61d144
data/raw/sow_call_dataset_labeled/feeding/476-1.wav,feeding,feeding,feeding::476-1,9259d3c399c2b9471fb9b27460ad8669
data/raw/sow_call_dataset_labeled/anxious_stress/1663-3.wav,stress_vocal,anxious_stress,anxious_stress::1663-3,daf12f4785efc7fd3a9a358df6c81495
data/external/korea_raw/dry_cough/train_dry_07288.wav,cough,dry_cough,dry_cough::train_dry_07288,c7c590304037897c41d19bcc456b044f
data/external/korea_raw/dry_cough/train_dry_10656.wav,cough,dry_cough,dry_cough::train_dry_10656,6737ec5542419443ffca65d24c3042f3
data/external/korea_raw/dry_cough/train_dry_14900.wav,cough,dry_cough,dry_cough::train_dry_14900,1e6de23832ee7705c24c53c915dc6d89
data/raw/sow_call_dataset_labeled/feeding/363-1.wav,feeding,feeding,feeding::363-1,7bb7e1c4b58dc088323f49d0e64bffec
data/raw/sow_call_dataset_labeled/frightened_stress/798-2.wav,stress_vocal,frightened_stress,frightened_stress::798-2,9047deea4f6c553333311bf1f5279715
data/raw/sow_call_dataset_labeled/feeding/487-1.wav,feeding,feeding,feeding::487-1,8f27db041dcd8b306e8a8ea7d980eb88
data/raw/sow_call_dataset_labeled/calm_grunt/51-0.wav,calm_grunt,calm_grunt,calm_grunt::51-0,a0f1449d6059534161d540d9c6cd1a55
data/raw/sow_call_dataset_labeled/feeding/412-1.wav,feeding,feeding,feeding::412-1,608ddc243daa5e2371c4d59aeda42a97
data/external/korea_raw/abdominal_cough/train_abdominal_12917.wav,cough,abdominal_cough,abdominal_cough::train_abdominal_12917,373adc78bd8e8ef54fbd77615874450d
data/raw/sow_call_dataset_labeled/frightened_stress/1069-2.wav,stress_vocal,frightened_stress,frightened_stress::1069-2,67e4d1cc579448c742b219b987b63e19
data/raw/sow_call_dataset_labeled/calm_grunt/135-0.wav,calm_grunt,calm_grunt,calm_grunt::135-0,7f05ba5339f37dce42326fb8b657697a
data/raw/sow_call_dataset_labeled/calm_grunt/186-0.wav,calm_grunt,calm_grunt,calm_grunt::186-0,a6715b5e6a938dc9b020d200b1f61e2c
data/external/korea_raw/abdominal_cough/train_abdominal_02327.wav,cough,abdominal_cough,abdominal_cough::train_abdominal_02327,f671afbd25fd76072e59a1ea9a30ef8f
data/external/korea_raw/abdominal_cough/train_abdominal_00419.wav,cough,abdominal_cough,abdominal_cough::train_abdominal_00419,ec863232a9d1d16fd64f4e993e48bb1d
data/raw/sow_call_dataset_labeled/anxious_stress/1473-3.wav,stress_vocal,anxious_stress,anxious_stress::1473-3,d35ae4badfdf0d63166995e9e6b90e35
data/raw/sow_call_dataset_labeled/feeding/312-1.wav,feeding,feeding,feeding::312-1,293a15b43b9611cb2e3eba6d3f5372cc
data/raw/sow_call_dataset_labeled/calm_grunt/29-0.wav,calm_grunt,calm_grunt,calm_grunt::29-0,806d437c67b3f55d85e97e00aa8f6867
data/raw/sow_call_dataset_labeled/frightened_stress/631-2.wav,stress_vocal,frightened_stress,frightened_stress::631-2,c9e75a3c61623b609ad0c09b8ea4b949
data/raw/sow_call_dataset_labeled/frightened_stress/635-2.wav,stress_vocal,frightened_stress,frightened_stress::635-2,587666812c02846ed63931ac0ae25df8
data/raw/sow_call_dataset_labeled/feeding/456-1.wav,feeding,feeding,feeding::456-1,e14a748dd086537c6184db6c14f0f58f
data/external/korea_raw/abdominal_cough/train_abdominal_13923.wav,cough,abdominal_cough,abdominal_cough::train_abdominal_13923,26b97503eb4af4e5503d5fd7584bd0c9
data/raw/sow_call_dataset_labeled/feeding/371-1.wav,feeding,feeding,feeding::371-1,91cb5ab0f66907b12f0eb3b875a7119b
data/raw/sow_call_dataset_labeled/calm_grunt/74-0.wav,calm_grunt,calm_grunt,calm_grunt::74-0,231dcdc74cf41f59690ae1408467d2ee
data/raw/sow_call_dataset_labeled/feeding/357-1.wav,feeding,feeding,feeding::357-1,fbc9d56366eba599d93f9431293892a2
